{
	"users": {
		"1": {
			"id": 576167340,
			"admin": 7,
			"aname": "Игрок",
			"ans": 0,
			"vip": 0,
			"ref": false,
			"refs": 0,
			"prefix": "Dmitry Katanov",
			"connect": true,
			"reg": 3,
			"msg": 160,
			"balance": 9999797506,
			"bank": 0,
			"donate": 0,
			"biz": false,
			"narko": 0,
			"gold": 0,
			"silver": 0,
			"iron": 0,
			"metall": 0,
			"copper": 0,
			"titan": 0,
			"stone": 0,
			"ryda": 0,
			"diamond": 0,
			"kirka": 0,
			"zakon": 100,
			"hp": 5,
			"golod": 99,
			"level": 2,
			"exs": 0,
			"opit": 0,
			"group2": "Не указано",
			"group3": false,
			"uplvl": 4,
			"energy": 19,
			"warn": 0,
			"ban": false,
			"gun": false,
			"job": false,
			"house": false,
			"skin": false,
			"car": false,
			"business": false,
			"gunlic": false,
			"carpass": false,
			"boatlic": false,
			"planelic": false,
			"motolic": false,
			"remka": 0,
			"ydochka": 0,
			"phone": false,
			"simka": false,
			"bonus": false,
			"shahta": false,
			"podarok": false,
			"mute": false,
			"msg_exs": 7,
			"gps": false,
			"a": {
				"ban": 0,
				"kick": 0,
				"warn": 0,
				"nick": 0,
				"mute": 0
			},
			"opg_sever_bandit": false,
			"opg_sever_rang": 0,
			"readiness_capt_sever": false,
			"readiness_bussines_sever": false,
			"readiness_band_sever": false,
			"sever_bandit_capt": false,
			"opg_yg_bandit": false,
			"opg_yg_bandit_capt": false,
			"opg_yg_rang": 0,
			"readiness_capt_yg": false,
			"readiness_bussines_yg": false,
			"readiness_band_yg": false,
			"gipercar": false,
			"repban": false,
			"case1": 11,
			"case2": 0,
			"case3": 0,
			"case4": 0,
			"case5": 0,
			"bizcount": false,
			"bizbalance": 0,
			"bizzp": 0,
			"bizstop": false,
			"okyn": 0,
			"karas": 0,
			"shyka": 0,
			"som": 0,
			"kalmar": 0,
			"karp": 0,
			"treska": 0,
			"sick": true,
			"kpz": 0,
			"fsb_rang": 0,
			"fsb_worker": false,
			"invitation_fsb": false,
			"worker_hospital": false,
			"invitation_hospital": false,
			"red_coin": 1000,
			"blue_coin": 1500,
			"green_coin": 2515,
			"sick_all": 0,
			"invitation_opg_yg": false,
			"reg_time": "02:07:2022 | 16:40:52"
		},
		"2": {
			"id": 524701750,
			"admin": "7",
			"aname": "Разработчик",
			"ans": 0,
			"vip": 0,
			"ref": false,
			"refs": 0,
			"prefix": "Mercedes",
			"connect": true,
			"reg": 3,
			"msg": 99,
			"balance": 1000,
			"bank": 0,
			"donate": 0,
			"biz": false,
			"narko": 0,
			"gold": 0,
			"silver": 0,
			"iron": 0,
			"metall": 0,
			"copper": 0,
			"titan": 0,
			"stone": 0,
			"ryda": 0,
			"diamond": 0,
			"kirka": 0,
			"zakon": 100,
			"hp": 100,
			"golod": 99,
			"level": 2,
			"exs": 0,
			"opit": 0,
			"group2": "Не указано",
			"group3": false,
			"uplvl": 4,
			"energy": 18,
			"warn": 0,
			"ban": false,
			"gun": false,
			"job": false,
			"house": false,
			"skin": false,
			"car": false,
			"business": false,
			"gunlic": false,
			"carpass": false,
			"boatlic": false,
			"planelic": false,
			"motolic": false,
			"remka": 0,
			"ydochka": 0,
			"phone": false,
			"simka": false,
			"bonus": false,
			"shahta": false,
			"podarok": false,
			"mute": false,
			"msg_exs": 2,
			"gps": false,
			"a": {
				"ban": 0,
				"kick": 0,
				"warn": 0,
				"nick": 0,
				"mute": 0
			},
			"opg_sever_bandit": false,
			"opg_sever_rang": 0,
			"readiness_capt_sever": false,
			"readiness_bussines_sever": false,
			"readiness_band_sever": false,
			"sever_bandit_capt": false,
			"opg_yg_bandit": false,
			"opg_yg_bandit_capt": false,
			"opg_yg_rang": 0,
			"readiness_capt_yg": false,
			"readiness_bussines_yg": false,
			"readiness_band_yg": false,
			"gipercar": false,
			"repban": false,
			"case1": 0,
			"case2": 0,
			"case3": 0,
			"case4": 0,
			"case5": 0,
			"bizcount": false,
			"bizbalance": 0,
			"bizzp": 0,
			"bizstop": false,
			"okyn": 0,
			"karas": 0,
			"shyka": 0,
			"som": 0,
			"kalmar": 0,
			"karp": 0,
			"treska": 0,
			"sick": false,
			"kpz": 0,
			"fsb_rang": 0,
			"fsb_worker": false,
			"invitation_fsb": false,
			"worker_hospital": false,
			"invitation_hospital": false,
			"red_coin": 1000,
			"blue_coin": 1500,
			"green_coin": 2515,
			"sick_all": 0,
			"invitation_opg_yg": false,
			"reg_time": "02:07:2022 | 16:43:12"
		},
		"3": {
			"id": 668925035,
			"admin": 0,
			"aname": "Игрок",
			"ans": 0,
			"vip": 0,
			"ref": false,
			"refs": 0,
			"prefix": false,
			"connect": false,
			"reg": 2,
			"msg": 0,
			"balance": 1000,
			"bank": 0,
			"donate": 0,
			"biz": false,
			"narko": 0,
			"gold": 0,
			"silver": 0,
			"iron": 0,
			"metall": 0,
			"copper": 0,
			"titan": 0,
			"stone": 0,
			"ryda": 0,
			"diamond": 0,
			"kirka": 0,
			"zakon": 100,
			"hp": 100,
			"golod": 100,
			"level": 1,
			"exs": 0,
			"opit": 0,
			"group2": "Не указано",
			"group3": false,
			"uplvl": 2,
			"energy": 5,
			"warn": 0,
			"ban": false,
			"gun": false,
			"job": false,
			"house": false,
			"skin": false,
			"car": false,
			"business": false,
			"gunlic": false,
			"carpass": false,
			"boatlic": false,
			"planelic": false,
			"motolic": false,
			"remka": 0,
			"ydochka": 0,
			"phone": false,
			"simka": false,
			"bonus": false,
			"shahta": false,
			"podarok": false,
			"mute": false,
			"msg_exs": 0,
			"gps": false,
			"a": {
				"ban": 0,
				"kick": 0,
				"warn": 0,
				"nick": 0,
				"mute": 0
			},
			"opg_sever_bandit": false,
			"opg_sever_rang": 0,
			"readiness_capt_sever": false,
			"readiness_bussines_sever": false,
			"readiness_band_sever": false,
			"sever_bandit_capt": false,
			"opg_yg_bandit": false,
			"opg_yg_bandit_capt": false,
			"opg_yg_rang": 0,
			"readiness_capt_yg": false,
			"readiness_bussines_yg": false,
			"readiness_band_yg": false,
			"gipercar": false,
			"repban": false,
			"case1": 0,
			"case2": 0,
			"case3": 0,
			"case4": 0,
			"case5": 0,
			"bizcount": false,
			"bizbalance": 0,
			"bizzp": 0,
			"bizstop": false,
			"okyn": 0,
			"karas": 0,
			"shyka": 0,
			"som": 0,
			"kalmar": 0,
			"karp": 0,
			"treska": 0,
			"sick": false,
			"kpz": 0,
			"fsb_rang": 0,
			"fsb_worker": false,
			"invitation_fsb": false,
			"worker_hospital": false,
			"invitation_hospital": false,
			"red_coin": 1000,
			"blue_coin": 1500,
			"green_coin": 2515,
			"sick_all": 0,
			"invitation_opg_yg": false,
			"reg_time": "02:07:2022 | 17:51:32"
		}
	},
	"number": 3,
	"msg": 0,
	"admchat": 4,
	"chats": {
		"1": {
			"i": true
		},
		"2": {
			"i": true
		},
		"3": {
			"i": true
		},
		"4": {
			"i": true
		},
		"5": {
			"i": true
		}
	}
}