{
	"mine": {
		"owner": 524701750,
		"salary": 2222,
		"balance": 3829574,
		"status": true
	},
	"avtosalon": {
		"owner": 665379352,
		"salary": 505000,
		"status": true,
		"balance": 5555000
	},
	"shop": {
		"owner": 576167340,
		"salary": 50000,
		"status": true,
		"kirki": 992300,
		"ydochki": 1000500,
		"balance": 200399,
		"coffers": 99000
	},
	"hospital": {
		"owner": 524701750,
		"zarplata": 100000,
		"status": true,
		"balance": -7912272,
		"medicines": 1000,
		"money": "6000"
	},
	"fsb": {
		"owner": 185547169,
		"balance": 399967,
		"drugs": 0,
		"count": 0
	},
	"casino": {
		"owner": 563809111,
		"salary": 2000,
		"balance": 944000,
		"status": true
	},
	"meria": {
		"owner": 576167340,
		"salary": 2000,
		"balance": 59000,
		"status": true
	},
	"pier": {
		"owner": 436119931,
		"salary": 2000,
		"balance": 414997,
		"status": true
	},
	"opg_sever": {
		"owner": 576167340,
		"status": true,
		"balance": 0,
		"material": 0,
		"capts": 35,
		"bandit_capt": 6,
		"count": 2,
		"count_orgablenie": 2,
		"count_capt": 0
	},
	"opg_yg": {
		"owner": 185547169,
		"status": true,
		"balance": 170703,
		"material": 0,
		"capts": 35,
		"bandit_capt": 0,
		"count": 4,
		"count_orgablenie": 1,
		"count_capt": 0
	},
	"pizza": {
		"owner": 524701750,
		"status": true,
		"balance": 0
	}
}