{
	"users": {
		"1": {
			"id": 576167340,
			"admin": "7",
			"aname": "Разработчик",
			"ans": 0,
			"vip": 0,
			"ref": false,
			"refs": 0,
			"prefix": "admin",
			"connect": true,
			"reg": 3,
			"msg": 53,
			"balance": 1000,
			"bank": 0,
			"donate": 0,
			"biz": false,
			"narko": 0,
			"gold": 0,
			"silver": 0,
			"iron": 0,
			"metall": 0,
			"copper": 0,
			"titan": 0,
			"stone": 0,
			"ryda": 0,
			"diamond": 0,
			"kirka": 0,
			"zakon": 100,
			"hp": 100,
			"golod": 100,
			"level": 1,
			"exs": 1,
			"opit": 0,
			"group2": "Не указано",
			"group3": false,
			"uplvl": 2,
			"energy": 8,
			"warn": 0,
			"ban": false,
			"gun": false,
			"job": false,
			"house": false,
			"skin": false,
			"car": false,
			"business": false,
			"gunlic": false,
			"carpass": false,
			"boatlic": false,
			"planelic": false,
			"motolic": false,
			"remka": 0,
			"ydochka": 0,
			"phone": false,
			"simka": false,
			"bonus": false,
			"shahta": false,
			"podarok": false,
			"mute": false,
			"msg_exs": 15,
			"gps": false,
			"a": {
				"ban": 0,
				"kick": 0,
				"warn": 0,
				"nick": 0,
				"mute": 0
			},
			"opg_sever_bandit": false,
			"opg_sever_rang": 0,
			"readiness_capt_sever": false,
			"readiness_bussines_sever": false,
			"readiness_band_sever": false,
			"sever_bandit_capt": false,
			"opg_yg_bandit": false,
			"opg_yg_bandit_capt": false,
			"opg_yg_rang": 0,
			"readiness_capt_yg": false,
			"readiness_bussines_yg": false,
			"readiness_band_yg": false,
			"bizcount": false,
			"bizbalance": 0,
			"bizzp": 0,
			"bizstop": false,
			"okyn": 0,
			"karas": 0,
			"shyka": 0,
			"som": 0,
			"kalmar": 0,
			"karp": 0,
			"treska": 0,
			"sick": false,
			"kpz": 0,
			"fsb_rang": 0,
			"fsb_worker": false,
			"invitation_fsb": false,
			"worker_hospital": false,
			"invitation_hospital": false,
			"red_coin": 1000,
			"blue_coin": 1500,
			"green_coin": 2515,
			"sick_all": 0,
			"invitation_opg_yg": false,
			"reg_time": "01:07:2022 | 14:39:10"
		},
		"2": {
			"id": 524701750,
			"admin": "7",
			"aname": "Разработчик",
			"ans": 0,
			"vip": 0,
			"ref": false,
			"refs": 0,
			"prefix": "Mercedes",
			"connect": true,
			"reg": 3,
			"msg": 26,
			"balance": 1009376929,
			"bank": 0,
			"donate": 0,
			"biz": false,
			"narko": 0,
			"gold": 74094216,
			"silver": 9702347,
			"iron": 10365317,
			"metall": 11614152,
			"copper": 8217830,
			"titan": 4763535,
			"stone": 2619700,
			"ryda": 7514635,
			"diamond": 0,
			"kirka": 0,
			"zakon": 100,
			"hp": 100,
			"golod": 100,
			"level": 1,
			"exs": 0,
			"opit": 200,
			"group2": "Не указано",
			"group3": false,
			"uplvl": 2,
			"energy": 8,
			"warn": 0,
			"ban": false,
			"gun": false,
			"job": false,
			"house": false,
			"skin": false,
			"car": false,
			"business": false,
			"gunlic": false,
			"carpass": false,
			"boatlic": false,
			"planelic": false,
			"motolic": false,
			"remka": 0,
			"ydochka": 0,
			"phone": false,
			"simka": false,
			"bonus": false,
			"shahta": false,
			"podarok": false,
			"mute": false,
			"msg_exs": 8,
			"gps": false,
			"a": {
				"ban": 0,
				"kick": 0,
				"warn": 0,
				"nick": 0,
				"mute": 0
			},
			"opg_sever_bandit": false,
			"opg_sever_rang": 0,
			"readiness_capt_sever": false,
			"readiness_bussines_sever": false,
			"readiness_band_sever": false,
			"sever_bandit_capt": false,
			"opg_yg_bandit": false,
			"opg_yg_bandit_capt": false,
			"opg_yg_rang": 0,
			"readiness_capt_yg": false,
			"readiness_bussines_yg": false,
			"readiness_band_yg": false,
			"bizcount": false,
			"bizbalance": 0,
			"bizzp": 0,
			"bizstop": false,
			"okyn": 0,
			"karas": 0,
			"shyka": 0,
			"som": 0,
			"kalmar": 0,
			"karp": 0,
			"treska": 0,
			"sick": false,
			"kpz": 0,
			"fsb_rang": 0,
			"fsb_worker": false,
			"invitation_fsb": false,
			"worker_hospital": false,
			"invitation_hospital": false,
			"red_coin": 1000,
			"blue_coin": 1500,
			"green_coin": 2515,
			"sick_all": 0,
			"invitation_opg_yg": false,
			"reg_time": "01:07:2022 | 14:39:20"
		}
	},
	"number": 2,
	"msg": 0,
	"admchat": 48,
	"chats": {
		"2": {
			"i": true
		}
	}
}