{
	"point": {
		"65": {
			"log": [
				"[17:33:57 | 19:06:2022 | ПЕРЕДАЧА] Выдал [ID: 537041040] игроку [ID: 65] -> 1000000$\n"
			]
		},
		"136": {
			"log": [
				"[17:24:53 | 19:06:2022 | ПЕРЕДАЧА] Выдал [ID: 659994303] игроку [ID: 136] -> 222222$\n",
				"[17:32:13 | 19:06:2022 | ПЕРЕДАЧА] Выдал [ID: 659994303] игроку [ID: 136] -> 250000$\n"
			]
		},
		"151": {
			"log": [
				"[17:32:06 | 19:06:2022 | ПЕРЕДАЧА] Выдал [ID: 659994303] игроку [ID: 151] -> 250000$\n"
			]
		},
		"188": {
			"log": [
				"[17:31:46 | 19:06:2022 | ПЕРЕДАЧА] Выдал [ID: 537041040] игроку [ID: 188] -> 10000000$\n"
			]
		},
		"210": {
			"log": [
				"[17:32:57 | 19:06:2022 | ПЕРЕДАЧА] Выдал [ID: 576167340] игроку [ID: 210] -> 59131$\n"
			]
		},
		"237": {
			"log": [
				"[17:18:33 | 19:06:2022 | ПЕРЕДАЧА] Выдал [ID: 576167340] игроку [ID: 237] -> 100$\n"
			]
		},
		"335": {
			"log": [
				"[17:34:17 | 19:06:2022 | ПЕРЕДАЧА] Выдал [ID: 537041040] игроку [ID: 335] -> 1000000$\n"
			]
		},
		"537041040": {
			"log": [
				"[17:31:46 | 19:06:2022 | ПЕРЕДАЧА] Выдал [ID: 537041040] игроку [ID: 188] -> 10000000$\n",
				"[17:33:57 | 19:06:2022 | ПЕРЕДАЧА] Выдал [ID: 537041040] игроку [ID: 65] -> 1000000$\n",
				"[17:34:17 | 19:06:2022 | ПЕРЕДАЧА] Выдал [ID: 537041040] игроку [ID: 335] -> 1000000$\n"
			]
		},
		"576167340": {
			"log": [
				"[17:18:33 | 19:06:2022 | ПЕРЕДАЧА] Выдал [ID: 576167340] игроку [ID: 237] -> 100$\n",
				"[17:32:57 | 19:06:2022 | ПЕРЕДАЧА] Выдал [ID: 576167340] игроку [ID: 210] -> 59131$\n"
			]
		},
		"659994303": {
			"log": [
				"[17:24:53 | 19:06:2022 | ПЕРЕДАЧА] Выдал [ID: 659994303] игроку [ID: 136] -> 222222$\n",
				"[17:32:06 | 19:06:2022 | ПЕРЕДАЧА] Выдал [ID: 659994303] игроку [ID: 151] -> 250000$\n",
				"[17:32:13 | 19:06:2022 | ПЕРЕДАЧА] Выдал [ID: 659994303] игроку [ID: 136] -> 250000$\n"
			]
		}
	}
}