{
	"mine": {
		"owner": 524701750,
		"salary": 2222,
		"balance": 23306804,
		"status": true
	},
	"avtosalon": {
		"owner": 665379352,
		"salary": 505000,
		"status": true,
		"balance": 4040000
	},
	"shop": {
		"owner": 339015268,
		"salary": 50000,
		"status": true,
		"kirki": 992900,
		"ydochki": 1000200,
		"balance": 1400499,
		"coffers": 100000
	},
	"hospital": {
		"owner": 524701750,
		"zarplata": 1000000,
		"status": true,
		"balance": 23907728,
		"medicines": 1000,
		"money": "6000"
	},
	"fsb": {
		"owner": 576167340,
		"status": true,
		"balance": 0
	},
	"casino": {
		"owner": 563809111,
		"salary": 2000,
		"balance": 130000,
		"status": true
	},
	"meria": {
		"owner": 576167340,
		"salary": 2000,
		"balance": 59000,
		"status": true
	},
	"pier": {
		"owner": 436119931,
		"salary": 2000,
		"balance": 414997,
		"status": true
	},
	"opg_sever": {
		"owner": 576167340,
		"status": true,
		"balance": 0,
		"material": 0,
		"capts": 0,
		"count": 2,
		"count_orgablenie": 0,
		"count_capt": 0
	},
	"opg_yg": {
		"owner": 576167340,
		"status": true,
		"balance": 170703,
		"material": 0,
		"capts": 0,
		"count": 4,
		"count_orgablenie": 1,
		"count_capt": 0
	}
}