{
	"mine": {
		"owner": 524701750,
		"salary": 1000,
		"balance": 339899,
		"status": true
	},
	"avtosalon": {
		"owner": 576167340,
		"salary": 500000,
		"status": true,
		"balance": 1000000
	},
	"shop": {
		"owner": 576167340,
		"salary": 2000,
		"status": true,
		"kirki": -3000,
		"ydochki": 1200,
		"balance": 96217,
		"coffers": 10000
	},
	"hospital": {
		"owner": 576167340,
		"status": true,
		"balance": 0
	},
	"fsb": {
		"owner": 576167340,
		"status": true,
		"balance": 0
	},
	"casino": {
		"owner": 659994303,
		"salary": 2000,
		"balance": 137000,
		"status": true
	},
	"meria": {
		"owner": 576167340,
		"salary": 2000,
		"balance": 59000,
		"status": true
	}
}