{
	"mine": {
		"owner": 524701750,
		"salary": 2222,
		"balance": 22851294,
		"status": true
	},
	"avtosalon": {
		"owner": 665379352,
		"salary": 505000,
		"status": true,
		"balance": 3535000
	},
	"shop": {
		"owner": 339015268,
		"salary": 50000,
		"status": true,
		"kirki": 994100,
		"ydochki": 1000600,
		"balance": 1250499,
		"coffers": null
	},
	"hospital": {
		"owner": 524701750,
		"zarplata": 1000000,
		"status": true,
		"balance": 47770728,
		"medicines": 1000,
		"money": "6000"
	},
	"fsb": {
		"owner": 576167340,
		"status": true,
		"balance": 0
	},
	"casino": {
		"owner": 436119931,
		"salary": 2000,
		"balance": 908000,
		"status": true
	},
	"meria": {
		"owner": 576167340,
		"salary": 2000,
		"balance": 59000,
		"status": true
	},
	"pier": {
		"owner": 436119931,
		"salary": 2000,
		"balance": 358997,
		"status": true
	}
}