{
  "requires": true,
  "lockfileVersion": 1,
  "dependencies": {
    "@types/node": {
      "version": "10.9.4",
      "resolved": "https://registry.npmjs.org/@types/node/-/node-10.9.4.tgz",
      "integrity": "sha512-fCHV45gS+m3hH17zgkgADUSi2RR1Vht6wOZ0jyHP8rjiQra9f+mIcgwPQHllmDocYOstIEbKlxbFDYlgrTPYqw=="
    },
    "abbrev": {
      "version": "1.1.1",
      "resolved": "https://registry.npmjs.org/abbrev/-/abbrev-1.1.1.tgz",
      "integrity": "sha512-nne9/IiQ/hzIhY6pdDnbBtz7DjPTKrY00P/zvPSm5pOFkl6xuGrGnXn/VtTNNfNtAfZ9/1RtehkszU9qcTii0Q=="
    },
    "accepts": {
      "version": "1.3.5",
      "resolved": "https://registry.npmjs.org/accepts/-/accepts-1.3.5.tgz",
      "integrity": "sha1-63d99gEXI6OxTopywIBcjoZ0a9I=",
      "requires": {
        "mime-types": "2.1.21",
        "negotiator": "0.6.1"
      }
    },
    "ajv": {
      "version": "4.11.8",
      "resolved": "https://registry.npmjs.org/ajv/-/ajv-4.11.8.tgz",
      "integrity": "sha1-gv+wKynmYq5TvcIK8VlHcGc5xTY=",
      "requires": {
        "co": "4.6.0",
        "json-stable-stringify": "1.0.1"
      }
    },
    "ansi-regex": {
      "version": "2.1.1",
      "resolved": "https://registry.npmjs.org/ansi-regex/-/ansi-regex-2.1.1.tgz",
      "integrity": "sha1-w7M6te42DYbg5ijwRorn7yfWVN8="
    },
    "aproba": {
      "version": "1.2.0",
      "resolved": "https://registry.npmjs.org/aproba/-/aproba-1.2.0.tgz",
      "integrity": "sha512-Y9J6ZjXtoYh8RnXVCMOU/ttDmk1aBjunq9vO0ta5x85WDQiQfUF9sIPBITdbiiIVcBo03Hi3jMxigBtsddlXRw=="
    },
    "are-we-there-yet": {
      "version": "1.1.5",
      "resolved": "https://registry.npmjs.org/are-we-there-yet/-/are-we-there-yet-1.1.5.tgz",
      "integrity": "sha512-5hYdAkZlcG8tOLujVDTgCT+uPX0VnpAH28gWsLfzpXYm7wP6mp5Q/gYyR7YQ0cKVJcXJnl3j2kpBan13PtQf6w==",
      "requires": {
        "delegates": "1.0.0",
        "readable-stream": "2.3.6"
      }
    },
    "array-flatten": {
      "version": "1.1.1",
      "resolved": "https://registry.npmjs.org/array-flatten/-/array-flatten-1.1.1.tgz",
      "integrity": "sha1-ml9pkFGx5wczKPKgCJaLZOopVdI="
    },
    "asn1": {
      "version": "0.2.4",
      "resolved": "https://registry.npmjs.org/asn1/-/asn1-0.2.4.tgz",
      "integrity": "sha512-jxwzQpLQjSmWXgwaCZE9Nz+glAG01yF1QnWgbhGwHI5A6FRIEY6IVqtHhIepHqI7/kyEyQEagBC5mBEFlIYvdg==",
      "requires": {
        "safer-buffer": "2.1.2"
      }
    },
    "assert-plus": {
      "version": "0.2.0",
      "resolved": "https://registry.npmjs.org/assert-plus/-/assert-plus-0.2.0.tgz",
      "integrity": "sha1-104bh+ev/A24qttwIfP+SBAasjQ="
    },
    "async": {
      "version": "2.6.1",
      "resolved": "https://registry.npmjs.org/async/-/async-2.6.1.tgz",
      "integrity": "sha512-fNEiL2+AZt6AlAw/29Cr0UDe4sRAHCpEHh54WMz+Bb7QfNcFw4h3loofyJpLeQs4Yx7yuqu/2dLgM5hKOs6HlQ==",
      "requires": {
        "lodash": "4.17.10"
      }
    },
    "async-limiter": {
      "version": "1.0.0",
      "resolved": "https://registry.npmjs.org/async-limiter/-/async-limiter-1.0.0.tgz",
      "integrity": "sha512-jp/uFnooOiO+L211eZOoSyzpOITMXx1rBITauYykG3BRYPu8h0UcxsPNB04RR5vo4Tyz3+ay17tR6JVf9qzYWg=="
    },
    "asynckit": {
      "version": "0.4.0",
      "resolved": "https://registry.npmjs.org/asynckit/-/asynckit-0.4.0.tgz",
      "integrity": "sha1-x57Zf380y48robyXkLzDZkdLS3k="
    },
    "aws-sign2": {
      "version": "0.6.0",
      "resolved": "https://registry.npmjs.org/aws-sign2/-/aws-sign2-0.6.0.tgz",
      "integrity": "sha1-FDQt0428yU0OW4fXY81jYSwOeU8="
    },
    "aws4": {
      "version": "1.8.0",
      "resolved": "https://registry.npmjs.org/aws4/-/aws4-1.8.0.tgz",
      "integrity": "sha512-ReZxvNHIOv88FlT7rxcXIIC0fPt4KZqZbOlivyWtXLt8ESx84zd3kMC6iK5jVeS2qt+g7ftS7ye4fi06X5rtRQ=="
    },
    "balanced-match": {
      "version": "1.0.0",
      "resolved": "https://registry.npmjs.org/balanced-match/-/balanced-match-1.0.0.tgz",
      "integrity": "sha1-ibTRmasr7kneFk6gK4nORi1xt2c="
    },
    "base-io": {
      "version": "1.0.3",
      "resolved": "https://registry.npmjs.org/base-io/-/base-io-1.0.3.tgz",
      "integrity": "sha1-rc1Jz1MaOmmSvZjBJg+3gV5UHOE="
    },
    "bcrypt-pbkdf": {
      "version": "1.0.2",
      "resolved": "https://registry.npmjs.org/bcrypt-pbkdf/-/bcrypt-pbkdf-1.0.2.tgz",
      "integrity": "sha1-pDAdOJtqQ/m2f/PKEaP2Y342Dp4=",
      "requires": {
        "tweetnacl": "0.14.5"
      }
    },
    "bluebird": {
      "version": "3.5.3",
      "resolved": "https://registry.npmjs.org/bluebird/-/bluebird-3.5.3.tgz",
      "integrity": "sha512-/qKPUQlaW1OyR51WeCPBvRnAlnZFUJkCSG5HzGnuIqhgyJtF+T94lFnn33eiazjRm2LAHVy2guNnaq48X9SJuw=="
    },
    "body-parser": {
      "version": "1.18.3",
      "resolved": "https://registry.npmjs.org/body-parser/-/body-parser-1.18.3.tgz",
      "integrity": "sha1-WykhmP/dVTs6DyDe0FkrlWlVyLQ=",
      "requires": {
        "bytes": "3.0.0",
        "content-type": "1.0.4",
        "debug": "2.6.9",
        "depd": "1.1.2",
        "http-errors": "1.6.3",
        "iconv-lite": "0.4.23",
        "on-finished": "2.3.0",
        "qs": "6.5.2",
        "raw-body": "2.3.3",
        "type-is": "1.6.16"
      },
      "dependencies": {
        "debug": {
          "version": "2.6.9",
          "resolved": "https://registry.npmjs.org/debug/-/debug-2.6.9.tgz",
          "integrity": "sha512-bC7ElrdJaJnPbAP+1EotYvqZsb3ecl5wi6Bfi6BJTUcNowp6cvspg0jXznRTKDjm/E7AdgFBVeAPVMNcKGsHMA==",
          "requires": {
            "ms": "2.0.0"
          }
        },
        "iconv-lite": {
          "version": "0.4.23",
          "resolved": "https://registry.npmjs.org/iconv-lite/-/iconv-lite-0.4.23.tgz",
          "integrity": "sha512-neyTUVFtahjf0mB3dZT77u+8O0QB89jFdnBkd5P1JgYPbPaia3gXXOVL2fq8VyU2gMMD7SaN7QukTB/pmXYvDA==",
          "requires": {
            "safer-buffer": "2.1.2"
          }
        }
      }
    },
    "boolbase": {
      "version": "1.0.0",
      "resolved": "https://registry.npmjs.org/boolbase/-/boolbase-1.0.0.tgz",
      "integrity": "sha1-aN/1++YMUes3cl6p4+0xDcwed24="
    },
    "boom": {
      "version": "2.10.1",
      "resolved": "https://registry.npmjs.org/boom/-/boom-2.10.1.tgz",
      "integrity": "sha1-OciRjO/1eZ+D+UkqhI9iWt0Mdm8=",
      "requires": {
        "hoek": "2.16.3"
      }
    },
    "brace-expansion": {
      "version": "1.1.11",
      "resolved": "https://registry.npmjs.org/brace-expansion/-/brace-expansion-1.1.11.tgz",
      "integrity": "sha512-iCuPHDFgrHX7H2vEI/5xpz07zSHB00TpugqhmYtVmMO6518mCuRMoOYFldEBl0g187ufozdaHgWKcYFb61qGiA==",
      "requires": {
        "balanced-match": "1.0.0",
        "concat-map": "0.0.1"
      }
    },
    "bytes": {
      "version": "3.0.0",
      "resolved": "https://registry.npmjs.org/bytes/-/bytes-3.0.0.tgz",
      "integrity": "sha1-0ygVQE1olpn4Wk6k+odV3ROpYEg="
    },
    "canvas": {
      "version": "2.2.0",
      "resolved": "https://registry.npmjs.org/canvas/-/canvas-2.2.0.tgz",
      "integrity": "sha512-4blMi2I2DuHh9UZNrmvU0hyY4dZJFOjNuqaZpI/66pKCyX1HPstvK+f2fIdc+NaF8b6wiuhvwXEFNkm7jIKYSA==",
      "requires": {
        "nan": "2.12.1",
        "node-pre-gyp": "0.11.0"
      }
    },
    "caseless": {
      "version": "0.12.0",
      "resolved": "https://registry.npmjs.org/caseless/-/caseless-0.12.0.tgz",
      "integrity": "sha1-G2gcIf+EAzyCZUMJBolCDRhxUdw="
    },
    "cheerio": {
      "version": "1.0.0-rc.2",
      "resolved": "https://registry.npmjs.org/cheerio/-/cheerio-1.0.0-rc.2.tgz",
      "integrity": "sha1-S59TqBsn5NXawxwP/Qz6A8xoMNs=",
      "requires": {
        "css-select": "1.2.0",
        "dom-serializer": "0.1.0",
        "entities": "1.1.1",
        "htmlparser2": "3.9.2",
        "lodash": "4.17.10",
        "parse5": "3.0.3"
      }
    },
    "chownr": {
      "version": "1.1.1",
      "resolved": "https://registry.npmjs.org/chownr/-/chownr-1.1.1.tgz",
      "integrity": "sha512-j38EvO5+LHX84jlo6h4UzmOwi0UgW61WRyPtJz4qaadK5eY3BTS5TY/S1Stc3Uk2lIM6TPevAlULiEJwie860g=="
    },
    "co": {
      "version": "4.6.0",
      "resolved": "https://registry.npmjs.org/co/-/co-4.6.0.tgz",
      "integrity": "sha1-bqa989hTrlTMuOR7+gvz+QMfsYQ="
    },
    "code-point-at": {
      "version": "1.1.0",
      "resolved": "https://registry.npmjs.org/code-point-at/-/code-point-at-1.1.0.tgz",
      "integrity": "sha1-DQcLTQQ6W+ozovGkDi7bPZpMz3c="
    },
    "combined-stream": {
      "version": "1.0.7",
      "resolved": "https://registry.npmjs.org/combined-stream/-/combined-stream-1.0.7.tgz",
      "integrity": "sha512-brWl9y6vOB1xYPZcpZde3N9zDByXTosAeMDo4p1wzo6UMOX4vumB+TP1RZ76sfE6Md68Q0NJSrE/gbezd4Ul+w==",
      "requires": {
        "delayed-stream": "1.0.0"
      }
    },
    "complex.js": {
      "version": "2.0.11",
      "resolved": "https://registry.npmjs.org/complex.js/-/complex.js-2.0.11.tgz",
      "integrity": "sha512-6IArJLApNtdg1P1dFtn3dnyzoZBEF0MwMnrfF1exSBRpZYoy4yieMkpZhQDC0uwctw48vii0CFVyHfpgZ/DfGw=="
    },
    "concat-map": {
      "version": "0.0.1",
      "resolved": "https://registry.npmjs.org/concat-map/-/concat-map-0.0.1.tgz",
      "integrity": "sha1-2Klr13/Wjfd5OnMDajug1UBdR3s="
    },
    "console-control-strings": {
      "version": "1.1.0",
      "resolved": "https://registry.npmjs.org/console-control-strings/-/console-control-strings-1.1.0.tgz",
      "integrity": "sha1-PXz0Rk22RG6mRL9LOVB/mFEAjo4="
    },
    "content-disposition": {
      "version": "0.5.2",
      "resolved": "https://registry.npmjs.org/content-disposition/-/content-disposition-0.5.2.tgz",
      "integrity": "sha1-DPaLud318r55YcOoUXjLhdunjLQ="
    },
    "content-type": {
      "version": "1.0.4",
      "resolved": "https://registry.npmjs.org/content-type/-/content-type-1.0.4.tgz",
      "integrity": "sha512-hIP3EEPs8tB9AT1L+NUqtwOAps4mk2Zob89MWXMHjHWg9milF/j4osnnQLXBCBFBk/tvIG/tUc9mOUJiPBhPXA=="
    },
    "cookie": {
      "version": "0.3.1",
      "resolved": "https://registry.npmjs.org/cookie/-/cookie-0.3.1.tgz",
      "integrity": "sha1-5+Ch+e9DtMi6klxcWpboBtFoc7s="
    },
    "cookie-signature": {
      "version": "1.0.6",
      "resolved": "https://registry.npmjs.org/cookie-signature/-/cookie-signature-1.0.6.tgz",
      "integrity": "sha1-4wOogrNCzD7oylE6eZmXNNqzriw="
    },
    "core-util-is": {
      "version": "1.0.2",
      "resolved": "https://registry.npmjs.org/core-util-is/-/core-util-is-1.0.2.tgz",
      "integrity": "sha1-tf1UIgqivFq1eqtxQMlAdUUDwac="
    },
    "cryptiles": {
      "version": "2.0.5",
      "resolved": "https://registry.npmjs.org/cryptiles/-/cryptiles-2.0.5.tgz",
      "integrity": "sha1-O9/s3GCBR8HGcgL6KR59ylnqo7g=",
      "requires": {
        "boom": "2.10.1"
      }
    },
    "css-select": {
      "version": "1.2.0",
      "resolved": "https://registry.npmjs.org/css-select/-/css-select-1.2.0.tgz",
      "integrity": "sha1-KzoRBTnFNV8c2NMUYj6HCxIeyFg=",
      "requires": {
        "boolbase": "1.0.0",
        "css-what": "2.1.0",
        "domutils": "1.5.1",
        "nth-check": "1.0.1"
      }
    },
    "css-what": {
      "version": "2.1.0",
      "resolved": "https://registry.npmjs.org/css-what/-/css-what-2.1.0.tgz",
      "integrity": "sha1-lGfQMsOM+u+58teVASUwYvh/ob0="
    },
    "dashdash": {
      "version": "1.14.1",
      "resolved": "https://registry.npmjs.org/dashdash/-/dashdash-1.14.1.tgz",
      "integrity": "sha1-hTz6D3y+L+1d4gMmuN1YEDX24vA=",
      "requires": {
        "assert-plus": "1.0.0"
      },
      "dependencies": {
        "assert-plus": {
          "version": "1.0.0",
          "resolved": "https://registry.npmjs.org/assert-plus/-/assert-plus-1.0.0.tgz",
          "integrity": "sha1-8S4PPF13sLHN2RRpQuTpbB5N1SU="
        }
      }
    },
    "debug": {
      "version": "3.1.0",
      "resolved": "https://registry.npmjs.org/debug/-/debug-3.1.0.tgz",
      "integrity": "sha512-OX8XqP7/1a9cqkxYw2yXss15f26NKWBpDXQd0/uK/KPqdQhxbPa994hnzjcE2VqQpDslf55723cKPUOGSmMY3g==",
      "requires": {
        "ms": "2.0.0"
      }
    },
    "decimal.js": {
      "version": "10.0.2",
      "resolved": "https://registry.npmjs.org/decimal.js/-/decimal.js-10.0.2.tgz",
      "integrity": "sha512-qL5tUTXAWjB5cSBfm0V2a4jO5FaDLumCfwc/0f7WaTOT3WU8pIeq2HHrd98eXHtbey4qFWlaPzfml1JWIoO9TQ=="
    },
    "deep-extend": {
      "version": "0.6.0",
      "resolved": "https://registry.npmjs.org/deep-extend/-/deep-extend-0.6.0.tgz",
      "integrity": "sha512-LOHxIOaPYdHlJRtCQfDIVZtfw/ufM8+rVj649RIHzcm/vGwQRXFt6OPqIFWsm2XEMrNIEtWR64sY1LEKD2vAOA=="
    },
    "delayed-stream": {
      "version": "1.0.0",
      "resolved": "https://registry.npmjs.org/delayed-stream/-/delayed-stream-1.0.0.tgz",
      "integrity": "sha1-3zrhmayt+31ECqrgsp4icrJOxhk="
    },
    "delegates": {
      "version": "1.0.0",
      "resolved": "https://registry.npmjs.org/delegates/-/delegates-1.0.0.tgz",
      "integrity": "sha1-hMbhWbgZBP3KWaDvRM2HDTElD5o="
    },
    "depd": {
      "version": "1.1.2",
      "resolved": "https://registry.npmjs.org/depd/-/depd-1.1.2.tgz",
      "integrity": "sha1-m81S4UwJd2PnSbJ0xDRu0uVgtak="
    },
    "destroy": {
      "version": "1.0.4",
      "resolved": "https://registry.npmjs.org/destroy/-/destroy-1.0.4.tgz",
      "integrity": "sha1-l4hXRCxEdJ5CBmE+N5RiBYJqvYA="
    },
    "detect-libc": {
      "version": "1.0.3",
      "resolved": "https://registry.npmjs.org/detect-libc/-/detect-libc-1.0.3.tgz",
      "integrity": "sha1-+hN8S9aY7fVc1c0CrFWfkaTEups="
    },
    "dom-serializer": {
      "version": "0.1.0",
      "resolved": "https://registry.npmjs.org/dom-serializer/-/dom-serializer-0.1.0.tgz",
      "integrity": "sha1-BzxpdUbOB4DOI75KKOKT5AvDDII=",
      "requires": {
        "domelementtype": "1.1.3",
        "entities": "1.1.1"
      },
      "dependencies": {
        "domelementtype": {
          "version": "1.1.3",
          "resolved": "https://registry.npmjs.org/domelementtype/-/domelementtype-1.1.3.tgz",
          "integrity": "sha1-vSh3PiZCiBrsUVRJJCmcXNgiGFs="
        }
      }
    },
    "domelementtype": {
      "version": "1.3.0",
      "resolved": "https://registry.npmjs.org/domelementtype/-/domelementtype-1.3.0.tgz",
      "integrity": "sha1-sXrtguirWeUt2cGbF1bg/BhyBMI="
    },
    "domhandler": {
      "version": "2.4.2",
      "resolved": "https://registry.npmjs.org/domhandler/-/domhandler-2.4.2.tgz",
      "integrity": "sha512-JiK04h0Ht5u/80fdLMCEmV4zkNh2BcoMFBmZ/91WtYZ8qVXSKjiw7fXMgFPnHcSZgOo3XdinHvmnDUeMf5R4wA==",
      "requires": {
        "domelementtype": "1.3.0"
      }
    },
    "domutils": {
      "version": "1.5.1",
      "resolved": "https://registry.npmjs.org/domutils/-/domutils-1.5.1.tgz",
      "integrity": "sha1-3NhIiib1Y9YQeeSMn3t+Mjc2gs8=",
      "requires": {
        "dom-serializer": "0.1.0",
        "domelementtype": "1.3.0"
      }
    },
    "ecc-jsbn": {
      "version": "0.1.2",
      "resolved": "https://registry.npmjs.org/ecc-jsbn/-/ecc-jsbn-0.1.2.tgz",
      "integrity": "sha1-OoOpBOVDUyh4dMVkt1SThoSamMk=",
      "requires": {
        "jsbn": "0.1.1",
        "safer-buffer": "2.1.2"
      }
    },
    "ee-first": {
      "version": "1.1.1",
      "resolved": "https://registry.npmjs.org/ee-first/-/ee-first-1.1.1.tgz",
      "integrity": "sha1-WQxhFWsK4vTwJVcyoViyZrxWsh0="
    },
    "encodeurl": {
      "version": "1.0.2",
      "resolved": "https://registry.npmjs.org/encodeurl/-/encodeurl-1.0.2.tgz",
      "integrity": "sha1-rT/0yG7C0CkyL1oCw6mmBslbP1k="
    },
    "entities": {
      "version": "1.1.1",
      "resolved": "https://registry.npmjs.org/entities/-/entities-1.1.1.tgz",
      "integrity": "sha1-blwtClYhtdra7O+AuQ7ftc13cvA="
    },
    "escape-html": {
      "version": "1.0.3",
      "resolved": "https://registry.npmjs.org/escape-html/-/escape-html-1.0.3.tgz",
      "integrity": "sha1-Aljq5NPQwJdN4cFpGI7wBR0dGYg="
    },
    "escape-latex": {
      "version": "1.2.0",
      "resolved": "https://registry.npmjs.org/escape-latex/-/escape-latex-1.2.0.tgz",
      "integrity": "sha512-nV5aVWW1K0wEiUIEdZ4erkGGH8mDxGyxSeqPzRNtWP7ataw+/olFObw7hujFWlVjNsaDFw5VZ5NzVSIqRgfTiw=="
    },
    "etag": {
      "version": "1.8.1",
      "resolved": "https://registry.npmjs.org/etag/-/etag-1.8.1.tgz",
      "integrity": "sha1-Qa4u62XvpiJorr/qg6x9eSmbCIc="
    },
    "express": {
      "version": "4.16.4",
      "resolved": "https://registry.npmjs.org/express/-/express-4.16.4.tgz",
      "integrity": "sha512-j12Uuyb4FMrd/qQAm6uCHAkPtO8FDTRJZBDd5D2KOL2eLaz1yUNdUB/NOIyq0iU4q4cFarsUCrnFDPBcnksuOg==",
      "requires": {
        "accepts": "1.3.5",
        "array-flatten": "1.1.1",
        "body-parser": "1.18.3",
        "content-disposition": "0.5.2",
        "content-type": "1.0.4",
        "cookie": "0.3.1",
        "cookie-signature": "1.0.6",
        "debug": "2.6.9",
        "depd": "1.1.2",
        "encodeurl": "1.0.2",
        "escape-html": "1.0.3",
        "etag": "1.8.1",
        "finalhandler": "1.1.1",
        "fresh": "0.5.2",
        "merge-descriptors": "1.0.1",
        "methods": "1.1.2",
        "on-finished": "2.3.0",
        "parseurl": "1.3.2",
        "path-to-regexp": "0.1.7",
        "proxy-addr": "2.0.4",
        "qs": "6.5.2",
        "range-parser": "1.2.0",
        "safe-buffer": "5.1.2",
        "send": "0.16.2",
        "serve-static": "1.13.2",
        "setprototypeof": "1.1.0",
        "statuses": "1.4.0",
        "type-is": "1.6.16",
        "utils-merge": "1.0.1",
        "vary": "1.1.2"
      },
      "dependencies": {
        "debug": {
          "version": "2.6.9",
          "resolved": "https://registry.npmjs.org/debug/-/debug-2.6.9.tgz",
          "integrity": "sha512-bC7ElrdJaJnPbAP+1EotYvqZsb3ecl5wi6Bfi6BJTUcNowp6cvspg0jXznRTKDjm/E7AdgFBVeAPVMNcKGsHMA==",
          "requires": {
            "ms": "2.0.0"
          }
        }
      }
    },
    "extend": {
      "version": "3.0.2",
      "resolved": "https://registry.npmjs.org/extend/-/extend-3.0.2.tgz",
      "integrity": "sha512-fjquC59cD7CyW6urNXK0FBufkZcoiGG80wTuPujX590cB5Ttln20E2UB4S/WARVqhXffZl2LNgS+gQdPIIim/g=="
    },
    "extsprintf": {
      "version": "1.3.0",
      "resolved": "https://registry.npmjs.org/extsprintf/-/extsprintf-1.3.0.tgz",
      "integrity": "sha1-lpGEQOMEGnpBT4xS48V06zw+HgU="
    },
    "finalhandler": {
      "version": "1.1.1",
      "resolved": "https://registry.npmjs.org/finalhandler/-/finalhandler-1.1.1.tgz",
      "integrity": "sha512-Y1GUDo39ez4aHAw7MysnUD5JzYX+WaIj8I57kO3aEPT1fFRL4sr7mjei97FgnwhAyyzRYmQZaTHb2+9uZ1dPtg==",
      "requires": {
        "debug": "2.6.9",
        "encodeurl": "1.0.2",
        "escape-html": "1.0.3",
        "on-finished": "2.3.0",
        "parseurl": "1.3.2",
        "statuses": "1.4.0",
        "unpipe": "1.0.0"
      },
      "dependencies": {
        "debug": {
          "version": "2.6.9",
          "resolved": "https://registry.npmjs.org/debug/-/debug-2.6.9.tgz",
          "integrity": "sha512-bC7ElrdJaJnPbAP+1EotYvqZsb3ecl5wi6Bfi6BJTUcNowp6cvspg0jXznRTKDjm/E7AdgFBVeAPVMNcKGsHMA==",
          "requires": {
            "ms": "2.0.0"
          }
        }
      }
    },
    "forever-agent": {
      "version": "0.6.1",
      "resolved": "https://registry.npmjs.org/forever-agent/-/forever-agent-0.6.1.tgz",
      "integrity": "sha1-+8cfDEGt6zf5bFd60e1C2P2sypE="
    },
    "form-data": {
      "version": "2.1.4",
      "resolved": "https://registry.npmjs.org/form-data/-/form-data-2.1.4.tgz",
      "integrity": "sha1-M8GDrPGTJ27KqYFDpp6Uv+4XUNE=",
      "requires": {
        "asynckit": "0.4.0",
        "combined-stream": "1.0.7",
        "mime-types": "2.1.21"
      }
    },
    "forwarded": {
      "version": "0.1.2",
      "resolved": "https://registry.npmjs.org/forwarded/-/forwarded-0.1.2.tgz",
      "integrity": "sha1-mMI9qxF1ZXuMBXPozszZGw/xjIQ="
    },
    "fraction.js": {
      "version": "4.0.12",
      "resolved": "https://registry.npmjs.org/fraction.js/-/fraction.js-4.0.12.tgz",
      "integrity": "sha512-8Z1K0VTG4hzYY7kA/1sj4/r1/RWLBD3xwReT/RCrUCbzPszjNQCCsy3ktkU/eaEqX3MYa4pY37a52eiBlPMlhA=="
    },
    "fresh": {
      "version": "0.5.2",
      "resolved": "https://registry.npmjs.org/fresh/-/fresh-0.5.2.tgz",
      "integrity": "sha1-PYyt2Q2XZWn6g1qx+OSyOhBWBac="
    },
    "fs-minipass": {
      "version": "1.2.5",
      "resolved": "https://registry.npmjs.org/fs-minipass/-/fs-minipass-1.2.5.tgz",
      "integrity": "sha512-JhBl0skXjUPCFH7x6x61gQxrKyXsxB5gcgePLZCwfyCGGsTISMoIeObbrvVeP6Xmyaudw4TT43qV2Gz+iyd2oQ==",
      "requires": {
        "minipass": "2.3.5"
      }
    },
    "fs.realpath": {
      "version": "1.0.0",
      "resolved": "https://registry.npmjs.org/fs.realpath/-/fs.realpath-1.0.0.tgz",
      "integrity": "sha1-FQStJSMVjKpA20onh8sBQRmU6k8="
    },
    "gauge": {
      "version": "2.7.4",
      "resolved": "https://registry.npmjs.org/gauge/-/gauge-2.7.4.tgz",
      "integrity": "sha1-LANAXHU4w51+s3sxcCLjJfsBi/c=",
      "requires": {
        "aproba": "1.2.0",
        "console-control-strings": "1.1.0",
        "has-unicode": "2.0.1",
        "object-assign": "4.1.1",
        "signal-exit": "3.0.2",
        "string-width": "1.0.2",
        "strip-ansi": "3.0.1",
        "wide-align": "1.1.3"
      }
    },
    "getpass": {
      "version": "0.1.7",
      "resolved": "https://registry.npmjs.org/getpass/-/getpass-0.1.7.tgz",
      "integrity": "sha1-Xv+OPmhNVprkyysSgmBOi6YhSfo=",
      "requires": {
        "assert-plus": "1.0.0"
      },
      "dependencies": {
        "assert-plus": {
          "version": "1.0.0",
          "resolved": "https://registry.npmjs.org/assert-plus/-/assert-plus-1.0.0.tgz",
          "integrity": "sha1-8S4PPF13sLHN2RRpQuTpbB5N1SU="
        }
      }
    },
    "glob": {
      "version": "7.1.3",
      "resolved": "https://registry.npmjs.org/glob/-/glob-7.1.3.tgz",
      "integrity": "sha512-vcfuiIxogLV4DlGBHIUOwI0IbrJ8HWPc4MU7HzviGeNho/UJDfi6B5p3sHeWIQ0KGIU0Jpxi5ZHxemQfLkkAwQ==",
      "requires": {
        "fs.realpath": "1.0.0",
        "inflight": "1.0.6",
        "inherits": "2.0.3",
        "minimatch": "3.0.4",
        "once": "1.4.0",
        "path-is-absolute": "1.0.1"
      }
    },
    "har-schema": {
      "version": "1.0.5",
      "resolved": "https://registry.npmjs.org/har-schema/-/har-schema-1.0.5.tgz",
      "integrity": "sha1-0mMTX0MwfALGAq/I/pWXDAFRNp4="
    },
    "har-validator": {
      "version": "4.2.1",
      "resolved": "https://registry.npmjs.org/har-validator/-/har-validator-4.2.1.tgz",
      "integrity": "sha1-M0gdDxu/9gDdID11gSpqX7oALio=",
      "requires": {
        "ajv": "4.11.8",
        "har-schema": "1.0.5"
      }
    },
    "has-unicode": {
      "version": "2.0.1",
      "resolved": "https://registry.npmjs.org/has-unicode/-/has-unicode-2.0.1.tgz",
      "integrity": "sha1-4Ob+aijPUROIVeCG0Wkedx3iqLk="
    },
    "hawk": {
      "version": "3.1.3",
      "resolved": "https://registry.npmjs.org/hawk/-/hawk-3.1.3.tgz",
      "integrity": "sha1-B4REvXwWQLD+VA0sm3PVlnjo4cQ=",
      "requires": {
        "boom": "2.10.1",
        "cryptiles": "2.0.5",
        "hoek": "2.16.3",
        "sntp": "1.0.9"
      }
    },
    "hoek": {
      "version": "2.16.3",
      "resolved": "https://registry.npmjs.org/hoek/-/hoek-2.16.3.tgz",
      "integrity": "sha1-ILt0A9POo5jpHcRxCo/xuCdKJe0="
    },
    "htmlparser2": {
      "version": "3.9.2",
      "resolved": "https://registry.npmjs.org/htmlparser2/-/htmlparser2-3.9.2.tgz",
      "integrity": "sha1-G9+HrMoPP55T+k/M6w9LTLsAszg=",
      "requires": {
        "domelementtype": "1.3.0",
        "domhandler": "2.4.2",
        "domutils": "1.5.1",
        "entities": "1.1.1",
        "inherits": "2.0.3",
        "readable-stream": "2.3.6"
      }
    },
    "http-errors": {
      "version": "1.6.3",
      "resolved": "https://registry.npmjs.org/http-errors/-/http-errors-1.6.3.tgz",
      "integrity": "sha1-i1VoC7S+KDoLW/TqLjhYC+HZMg0=",
      "requires": {
        "depd": "1.1.2",
        "inherits": "2.0.3",
        "setprototypeof": "1.1.0",
        "statuses": "1.4.0"
      }
    },
    "http-signature": {
      "version": "1.1.1",
      "resolved": "https://registry.npmjs.org/http-signature/-/http-signature-1.1.1.tgz",
      "integrity": "sha1-33LiZwZs0Kxn+3at+OE0qPvPkb8=",
      "requires": {
        "assert-plus": "0.2.0",
        "jsprim": "1.4.1",
        "sshpk": "1.16.0"
      }
    },
    "iconv-lite": {
      "version": "0.4.24",
      "resolved": "https://registry.npmjs.org/iconv-lite/-/iconv-lite-0.4.24.tgz",
      "integrity": "sha512-v3MXnZAcvnywkTUEZomIActle7RXXeedOR31wwl7VlyoXO4Qi9arvSenNQWne1TcRwhCL1HwLI21bEqdpj8/rA==",
      "requires": {
        "safer-buffer": "2.1.2"
      }
    },
    "ignore-walk": {
      "version": "3.0.1",
      "resolved": "https://registry.npmjs.org/ignore-walk/-/ignore-walk-3.0.1.tgz",
      "integrity": "sha512-DTVlMx3IYPe0/JJcYP7Gxg7ttZZu3IInhuEhbchuqneY9wWe5Ojy2mXLBaQFUQmo0AW2r3qG7m1mg86js+gnlQ==",
      "requires": {
        "minimatch": "3.0.4"
      }
    },
    "inflight": {
      "version": "1.0.6",
      "resolved": "https://registry.npmjs.org/inflight/-/inflight-1.0.6.tgz",
      "integrity": "sha1-Sb1jMdfQLQwJvJEKEHW6gWW1bfk=",
      "requires": {
        "once": "1.4.0",
        "wrappy": "1.0.2"
      }
    },
    "inherits": {
      "version": "2.0.3",
      "resolved": "https://registry.npmjs.org/inherits/-/inherits-2.0.3.tgz",
      "integrity": "sha1-Yzwsg+PaQqUC9SRmAiSA9CCCYd4="
    },
    "ini": {
      "version": "1.3.5",
      "resolved": "https://registry.npmjs.org/ini/-/ini-1.3.5.tgz",
      "integrity": "sha512-RZY5huIKCMRWDUqZlEi72f/lmXKMvuszcMBduliQ3nnWbx9X/ZBQO7DijMEYS9EhHBb2qacRUMtC7svLwe0lcw=="
    },
    "ipaddr.js": {
      "version": "1.8.0",
      "resolved": "https://registry.npmjs.org/ipaddr.js/-/ipaddr.js-1.8.0.tgz",
      "integrity": "sha1-6qM9bd16zo9/b+DJygRA5wZzix4="
    },
    "is-fullwidth-code-point": {
      "version": "1.0.0",
      "resolved": "https://registry.npmjs.org/is-fullwidth-code-point/-/is-fullwidth-code-point-1.0.0.tgz",
      "integrity": "sha1-754xOG8DGn8NZDr4L95QxFfvAMs=",
      "requires": {
        "number-is-nan": "1.0.1"
      }
    },
    "is-typedarray": {
      "version": "1.0.0",
      "resolved": "https://registry.npmjs.org/is-typedarray/-/is-typedarray-1.0.0.tgz",
      "integrity": "sha1-5HnICFjfDBsR3dppQPlgEfzaSpo="
    },
    "isarray": {
      "version": "1.0.0",
      "resolved": "https://registry.npmjs.org/isarray/-/isarray-1.0.0.tgz",
      "integrity": "sha1-u5NdSFgsuhaMBoNJV6VKPgcSTxE="
    },
    "isstream": {
      "version": "0.1.2",
      "resolved": "https://registry.npmjs.org/isstream/-/isstream-0.1.2.tgz",
      "integrity": "sha1-R+Y/evVa+m+S4VAOaQ64uFKcCZo="
    },
    "javascript-natural-sort": {
      "version": "0.7.1",
      "resolved": "https://registry.npmjs.org/javascript-natural-sort/-/javascript-natural-sort-0.7.1.tgz",
      "integrity": "sha1-+eIwPUUH9tdDVac2ZNFED7Wg71k="
    },
    "jsbn": {
      "version": "0.1.1",
      "resolved": "https://registry.npmjs.org/jsbn/-/jsbn-0.1.1.tgz",
      "integrity": "sha1-peZUwuWi3rXyAdls77yoDA7y9RM="
    },
    "json-schema": {
      "version": "0.2.3",
      "resolved": "https://registry.npmjs.org/json-schema/-/json-schema-0.2.3.tgz",
      "integrity": "sha1-tIDIkuWaLwWVTOcnvT8qTogvnhM="
    },
    "json-stable-stringify": {
      "version": "1.0.1",
      "resolved": "https://registry.npmjs.org/json-stable-stringify/-/json-stable-stringify-1.0.1.tgz",
      "integrity": "sha1-mnWdOcXy/1A/1TAGRu1EX4jE+a8=",
      "requires": {
        "jsonify": "0.0.0"
      }
    },
    "json-stringify-safe": {
      "version": "5.0.1",
      "resolved": "https://registry.npmjs.org/json-stringify-safe/-/json-stringify-safe-5.0.1.tgz",
      "integrity": "sha1-Epai1Y/UXxmg9s4B1lcB4sc1tus="
    },
    "jsonify": {
      "version": "0.0.0",
      "resolved": "https://registry.npmjs.org/jsonify/-/jsonify-0.0.0.tgz",
      "integrity": "sha1-LHS27kHZPKUbe1qu6PUDYx0lKnM="
    },
    "jsprim": {
      "version": "1.4.1",
      "resolved": "https://registry.npmjs.org/jsprim/-/jsprim-1.4.1.tgz",
      "integrity": "sha1-MT5mvB5cwG5Di8G3SZwuXFastqI=",
      "requires": {
        "assert-plus": "1.0.0",
        "extsprintf": "1.3.0",
        "json-schema": "0.2.3",
        "verror": "1.10.0"
      },
      "dependencies": {
        "assert-plus": {
          "version": "1.0.0",
          "resolved": "https://registry.npmjs.org/assert-plus/-/assert-plus-1.0.0.tgz",
          "integrity": "sha1-8S4PPF13sLHN2RRpQuTpbB5N1SU="
        }
      }
    },
    "lodash": {
      "version": "4.17.10",
      "resolved": "https://registry.npmjs.org/lodash/-/lodash-4.17.10.tgz",
      "integrity": "sha512-UejweD1pDoXu+AD825lWwp4ZGtSwgnpZxb3JDViD7StjQz+Nb/6l093lx4OQ0foGWNRoc19mWy7BzL+UAK2iVg=="
    },
    "lodash.assignin": {
      "version": "4.2.0",
      "resolved": "https://registry.npmjs.org/lodash.assignin/-/lodash.assignin-4.2.0.tgz",
      "integrity": "sha1-uo31+4QesKPoBEIysOJjqNxqKKI="
    },
    "lodash.bind": {
      "version": "4.2.1",
      "resolved": "https://registry.npmjs.org/lodash.bind/-/lodash.bind-4.2.1.tgz",
      "integrity": "sha1-euMBfpOWIqwxt9fX3LGzTbFpDTU="
    },
    "lodash.defaults": {
      "version": "4.2.0",
      "resolved": "https://registry.npmjs.org/lodash.defaults/-/lodash.defaults-4.2.0.tgz",
      "integrity": "sha1-0JF4cW/+pN3p5ft7N/bwgCJ0WAw="
    },
    "lodash.filter": {
      "version": "4.6.0",
      "resolved": "https://registry.npmjs.org/lodash.filter/-/lodash.filter-4.6.0.tgz",
      "integrity": "sha1-ZosdSYFgOuHMWm+nYBQ+SAtMSs4="
    },
    "lodash.flatten": {
      "version": "4.4.0",
      "resolved": "https://registry.npmjs.org/lodash.flatten/-/lodash.flatten-4.4.0.tgz",
      "integrity": "sha1-8xwiIlqWMtK7+OSt2+8kCqdlph8="
    },
    "lodash.foreach": {
      "version": "4.5.0",
      "resolved": "https://registry.npmjs.org/lodash.foreach/-/lodash.foreach-4.5.0.tgz",
      "integrity": "sha1-Gmo16s5AEoDH8G3d7DUWWrJ+PlM="
    },
    "lodash.map": {
      "version": "4.6.0",
      "resolved": "https://registry.npmjs.org/lodash.map/-/lodash.map-4.6.0.tgz",
      "integrity": "sha1-dx7Hg540c9nEzeKLGTlMNWL09tM="
    },
    "lodash.merge": {
      "version": "4.6.1",
      "resolved": "https://registry.npmjs.org/lodash.merge/-/lodash.merge-4.6.1.tgz",
      "integrity": "sha512-AOYza4+Hf5z1/0Hztxpm2/xiPZgi/cjMqdnKTUWTBSKchJlxXXuUSxCCl8rJlf4g6yww/j6mA8nC8Hw/EZWxKQ=="
    },
    "lodash.pick": {
      "version": "4.4.0",
      "resolved": "https://registry.npmjs.org/lodash.pick/-/lodash.pick-4.4.0.tgz",
      "integrity": "sha1-UvBWEP/53tQiYRRB7R/BI6AwAbM="
    },
    "lodash.reduce": {
      "version": "4.6.0",
      "resolved": "https://registry.npmjs.org/lodash.reduce/-/lodash.reduce-4.6.0.tgz",
      "integrity": "sha1-8atrg5KZrUj3hKu/R2WW8DuRTTs="
    },
    "lodash.reject": {
      "version": "4.6.0",
      "resolved": "https://registry.npmjs.org/lodash.reject/-/lodash.reject-4.6.0.tgz",
      "integrity": "sha1-gNZJLcFHCGS79YNTO2UfQqn1JBU="
    },
    "lodash.some": {
      "version": "4.6.0",
      "resolved": "https://registry.npmjs.org/lodash.some/-/lodash.some-4.6.0.tgz",
      "integrity": "sha1-G7nzFO9ri63tE7VJFpsqlF62jk0="
    },
    "mathjs": {
      "version": "5.4.2",
      "resolved": "https://registry.npmjs.org/mathjs/-/mathjs-5.4.2.tgz",
      "integrity": "sha512-jN6SLsaRvihxgRoq4+5/Tbw/mVe71W0kCxZA2TdpNRR+MHJGow/TsRrU5B6uXd7lYNWxiVeubn+F5d3mLtxARw==",
      "requires": {
        "complex.js": "2.0.11",
        "decimal.js": "10.0.2",
        "escape-latex": "1.2.0",
        "fraction.js": "4.0.12",
        "javascript-natural-sort": "0.7.1",
        "seed-random": "2.2.0",
        "tiny-emitter": "2.0.2",
        "typed-function": "1.1.0"
      }
    },
    "media-typer": {
      "version": "0.3.0",
      "resolved": "https://registry.npmjs.org/media-typer/-/media-typer-0.3.0.tgz",
      "integrity": "sha1-hxDXrwqmJvj/+hzgAWhUUmMlV0g="
    },
    "merge-descriptors": {
      "version": "1.0.1",
      "resolved": "https://registry.npmjs.org/merge-descriptors/-/merge-descriptors-1.0.1.tgz",
      "integrity": "sha1-sAqqVW3YtEVoFQ7J0blT8/kMu2E="
    },
    "methods": {
      "version": "1.1.2",
      "resolved": "https://registry.npmjs.org/methods/-/methods-1.1.2.tgz",
      "integrity": "sha1-VSmk1nZUE07cxSZmVoNbD4Ua/O4="
    },
    "middleware-io": {
      "version": "0.0.7",
      "resolved": "https://registry.npmjs.org/middleware-io/-/middleware-io-0.0.7.tgz",
      "integrity": "sha1-Y29zA6xjQzoL2kprtLM6OnCVlgc="
    },
    "mime": {
      "version": "1.4.1",
      "resolved": "https://registry.npmjs.org/mime/-/mime-1.4.1.tgz",
      "integrity": "sha512-KI1+qOZu5DcW6wayYHSzR/tXKCDC5Om4s1z2QJjDULzLcmf3DvzS7oluY4HCTrc+9FiKmWUgeNLg7W3uIQvxtQ=="
    },
    "mime-db": {
      "version": "1.37.0",
      "resolved": "https://registry.npmjs.org/mime-db/-/mime-db-1.37.0.tgz",
      "integrity": "sha512-R3C4db6bgQhlIhPU48fUtdVmKnflq+hRdad7IyKhtFj06VPNVdk2RhiYL3UjQIlso8L+YxAtFkobT0VK+S/ybg=="
    },
    "mime-types": {
      "version": "2.1.21",
      "resolved": "https://registry.npmjs.org/mime-types/-/mime-types-2.1.21.tgz",
      "integrity": "sha512-3iL6DbwpyLzjR3xHSFNFeb9Nz/M8WDkX33t1GFQnFOllWk8pOrh/LSrB5OXlnlW5P9LH73X6loW/eogc+F5lJg==",
      "requires": {
        "mime-db": "1.37.0"
      }
    },
    "minimatch": {
      "version": "3.0.4",
      "resolved": "https://registry.npmjs.org/minimatch/-/minimatch-3.0.4.tgz",
      "integrity": "sha512-yJHVQEhyqPLUTgt9B83PXu6W3rx4MvvHvSUvToogpwoGDOUQ+yDrR0HRot+yOCdCO7u4hX3pWft6kWBBcqh0UA==",
      "requires": {
        "brace-expansion": "1.1.11"
      }
    },
    "minimist": {
      "version": "0.0.8",
      "resolved": "https://registry.npmjs.org/minimist/-/minimist-0.0.8.tgz",
      "integrity": "sha1-hX/Kv8M5fSYluCKCYuhqp6ARsF0="
    },
    "minipass": {
      "version": "2.3.5",
      "resolved": "https://registry.npmjs.org/minipass/-/minipass-2.3.5.tgz",
      "integrity": "sha512-Gi1W4k059gyRbyVUZQ4mEqLm0YIUiGYfvxhF6SIlk3ui1WVxMTGfGdQ2SInh3PDrRTVvPKgULkpJtT4RH10+VA==",
      "requires": {
        "safe-buffer": "5.1.2",
        "yallist": "3.0.3"
      }
    },
    "minizlib": {
      "version": "1.2.1",
      "resolved": "https://registry.npmjs.org/minizlib/-/minizlib-1.2.1.tgz",
      "integrity": "sha512-7+4oTUOWKg7AuL3vloEWekXY2/D20cevzsrNT2kGWm+39J9hGTCBv8VI5Pm5lXZ/o3/mdR4f8rflAPhnQb8mPA==",
      "requires": {
        "minipass": "2.3.5"
      }
    },
    "mkdirp": {
      "version": "0.5.1",
      "resolved": "https://registry.npmjs.org/mkdirp/-/mkdirp-0.5.1.tgz",
      "integrity": "sha1-MAV0OOrGz3+MR2fzhkjWaX11yQM=",
      "requires": {
        "minimist": "0.0.8"
      }
    },
    "ms": {
      "version": "2.0.0",
      "resolved": "https://registry.npmjs.org/ms/-/ms-2.0.0.tgz",
      "integrity": "sha1-VgiurfwAvmwpAd9fmGF4jeDVl8g="
    },
    "nan": {
      "version": "2.12.1",
      "resolved": "https://registry.npmjs.org/nan/-/nan-2.12.1.tgz",
      "integrity": "sha512-JY7V6lRkStKcKTvHO5NVSQRv+RV+FIL5pvDoLiAtSL9pKlC5x9PKQcZDsq7m4FO4d57mkhC6Z+QhAh3Jdk5JFw=="
    },
    "needle": {
      "version": "2.2.4",
      "resolved": "https://registry.npmjs.org/needle/-/needle-2.2.4.tgz",
      "integrity": "sha512-HyoqEb4wr/rsoaIDfTH2aVL9nWtQqba2/HvMv+++m8u0dz808MaagKILxtfeSN7QU7nvbQ79zk3vYOJp9zsNEA==",
      "requires": {
        "debug": "2.6.9",
        "iconv-lite": "0.4.24",
        "sax": "1.2.4"
      },
      "dependencies": {
        "debug": {
          "version": "2.6.9",
          "resolved": "https://registry.npmjs.org/debug/-/debug-2.6.9.tgz",
          "integrity": "sha512-bC7ElrdJaJnPbAP+1EotYvqZsb3ecl5wi6Bfi6BJTUcNowp6cvspg0jXznRTKDjm/E7AdgFBVeAPVMNcKGsHMA==",
          "requires": {
            "ms": "2.0.0"
          }
        }
      }
    },
    "negotiator": {
      "version": "0.6.1",
      "resolved": "https://registry.npmjs.org/negotiator/-/negotiator-0.6.1.tgz",
      "integrity": "sha1-KzJxhOiZIQEXeyhWP7XnECrNDKk="
    },
    "node-fetch": {
      "version": "2.2.0",
      "resolved": "https://registry.npmjs.org/node-fetch/-/node-fetch-2.2.0.tgz",
      "integrity": "sha512-OayFWziIxiHY8bCUyLX6sTpDH8Jsbp4FfYd1j1f7vZyfgkcOnAyM4oQR16f8a0s7Gl/viMGRey8eScYk4V4EZA=="
    },
    "node-pre-gyp": {
      "version": "0.11.0",
      "resolved": "https://registry.npmjs.org/node-pre-gyp/-/node-pre-gyp-0.11.0.tgz",
      "integrity": "sha512-TwWAOZb0j7e9eGaf9esRx3ZcLaE5tQ2lvYy1pb5IAaG1a2e2Kv5Lms1Y4hpj+ciXJRofIxxlt5haeQ/2ANeE0Q==",
      "requires": {
        "detect-libc": "1.0.3",
        "mkdirp": "0.5.1",
        "needle": "2.2.4",
        "nopt": "4.0.1",
        "npm-packlist": "1.2.0",
        "npmlog": "4.1.2",
        "rc": "1.2.8",
        "rimraf": "2.6.3",
        "semver": "5.6.0",
        "tar": "4.4.8"
      }
    },
    "node-qiwi-api": {
      "version": "1.1.1",
      "resolved": "https://registry.npmjs.org/node-qiwi-api/-/node-qiwi-api-1.1.1.tgz",
      "integrity": "sha512-MlwiRRg4nHgMKRgLLB8nn1JY4dgqhiHIggWOyFoo9BBTuA7ekiNUI+RT1ve45dYpnGCDdrkcIbJg/nJVq5/VQw==",
      "requires": {
        "request": "2.81.0"
      }
    },
    "nopt": {
      "version": "4.0.1",
      "resolved": "https://registry.npmjs.org/nopt/-/nopt-4.0.1.tgz",
      "integrity": "sha1-0NRoWv1UFRk8jHUFYC0NF81kR00=",
      "requires": {
        "abbrev": "1.1.1",
        "osenv": "0.1.5"
      }
    },
    "npm-bundled": {
      "version": "1.0.5",
      "resolved": "https://registry.npmjs.org/npm-bundled/-/npm-bundled-1.0.5.tgz",
      "integrity": "sha512-m/e6jgWu8/v5niCUKQi9qQl8QdeEduFA96xHDDzFGqly0OOjI7c+60KM/2sppfnUU9JJagf+zs+yGhqSOFj71g=="
    },
    "npm-packlist": {
      "version": "1.2.0",
      "resolved": "https://registry.npmjs.org/npm-packlist/-/npm-packlist-1.2.0.tgz",
      "integrity": "sha512-7Mni4Z8Xkx0/oegoqlcao/JpPCPEMtUvsmB0q7mgvlMinykJLSRTYuFqoQLYgGY8biuxIeiHO+QNJKbCfljewQ==",
      "requires": {
        "ignore-walk": "3.0.1",
        "npm-bundled": "1.0.5"
      }
    },
    "npmlog": {
      "version": "4.1.2",
      "resolved": "https://registry.npmjs.org/npmlog/-/npmlog-4.1.2.tgz",
      "integrity": "sha512-2uUqazuKlTaSI/dC8AzicUck7+IrEaOnN/e0jd3Xtt1KcGpwx30v50mL7oPyr/h9bL3E4aZccVwpwP+5W9Vjkg==",
      "requires": {
        "are-we-there-yet": "1.1.5",
        "console-control-strings": "1.1.0",
        "gauge": "2.7.4",
        "set-blocking": "2.0.0"
      }
    },
    "nth-check": {
      "version": "1.0.1",
      "resolved": "https://registry.npmjs.org/nth-check/-/nth-check-1.0.1.tgz",
      "integrity": "sha1-mSms32KPwsQQmN6rgqxYDPFJquQ=",
      "requires": {
        "boolbase": "1.0.0"
      }
    },
    "number-is-nan": {
      "version": "1.0.1",
      "resolved": "https://registry.npmjs.org/number-is-nan/-/number-is-nan-1.0.1.tgz",
      "integrity": "sha1-CXtgK1NCKlIsGvuHkDGDNpQaAR0="
    },
    "oauth-sign": {
      "version": "0.8.2",
      "resolved": "https://registry.npmjs.org/oauth-sign/-/oauth-sign-0.8.2.tgz",
      "integrity": "sha1-Rqarfwrq2N6unsBWV4C31O/rnUM="
    },
    "object-assign": {
      "version": "4.1.1",
      "resolved": "https://registry.npmjs.org/object-assign/-/object-assign-4.1.1.tgz",
      "integrity": "sha1-IQmtx5ZYh8/AXLvUQsrIv7s2CGM="
    },
    "on-finished": {
      "version": "2.3.0",
      "resolved": "https://registry.npmjs.org/on-finished/-/on-finished-2.3.0.tgz",
      "integrity": "sha1-IPEzZIGwg811M3mSoWlxqi2QaUc=",
      "requires": {
        "ee-first": "1.1.1"
      }
    },
    "once": {
      "version": "1.4.0",
      "resolved": "https://registry.npmjs.org/once/-/once-1.4.0.tgz",
      "integrity": "sha1-WDsap3WWHUsROsF9nFC6753Xa9E=",
      "requires": {
        "wrappy": "1.0.2"
      }
    },
    "os-homedir": {
      "version": "1.0.2",
      "resolved": "https://registry.npmjs.org/os-homedir/-/os-homedir-1.0.2.tgz",
      "integrity": "sha1-/7xJiDNuDoM94MFox+8VISGqf7M="
    },
    "os-tmpdir": {
      "version": "1.0.2",
      "resolved": "https://registry.npmjs.org/os-tmpdir/-/os-tmpdir-1.0.2.tgz",
      "integrity": "sha1-u+Z0BseaqFxc/sdm/lc0VV36EnQ="
    },
    "osenv": {
      "version": "0.1.5",
      "resolved": "https://registry.npmjs.org/osenv/-/osenv-0.1.5.tgz",
      "integrity": "sha512-0CWcCECdMVc2Rw3U5w9ZjqX6ga6ubk1xDVKxtBQPK7wis/0F2r9T6k4ydGYhecl7YUBxBVxhL5oisPsNxAPe2g==",
      "requires": {
        "os-homedir": "1.0.2",
        "os-tmpdir": "1.0.2"
      }
    },
    "parse5": {
      "version": "3.0.3",
      "resolved": "https://registry.npmjs.org/parse5/-/parse5-3.0.3.tgz",
      "integrity": "sha512-rgO9Zg5LLLkfJF9E6CCmXlSE4UVceloys8JrFqCcHloC3usd/kJCyPDwH2SOlzix2j3xaP9sUX3e8+kvkuleAA==",
      "requires": {
        "@types/node": "10.9.4"
      }
    },
    "parseurl": {
      "version": "1.3.2",
      "resolved": "https://registry.npmjs.org/parseurl/-/parseurl-1.3.2.tgz",
      "integrity": "sha1-/CidTtiZMRlGDBViUyYs3I3mW/M="
    },
    "path-is-absolute": {
      "version": "1.0.1",
      "resolved": "https://registry.npmjs.org/path-is-absolute/-/path-is-absolute-1.0.1.tgz",
      "integrity": "sha1-F0uSaHNVNP+8es5r9TpanhtcX18="
    },
    "path-to-regexp": {
      "version": "0.1.7",
      "resolved": "https://registry.npmjs.org/path-to-regexp/-/path-to-regexp-0.1.7.tgz",
      "integrity": "sha1-32BBeABfUi8V60SQ5yR6G/qmf4w="
    },
    "performance-now": {
      "version": "0.2.0",
      "resolved": "https://registry.npmjs.org/performance-now/-/performance-now-0.2.0.tgz",
      "integrity": "sha1-M+8wxcd9TqIcWlOGnZG1bY8lVeU="
    },
    "prequest": {
      "version": "1.0.0",
      "resolved": "https://registry.npmjs.org/prequest/-/prequest-1.0.0.tgz",
      "integrity": "sha1-fx8DQlZK3Xdbgl27+vAPxkWAluc=",
      "requires": {
        "bluebird": "3.5.3",
        "object-assign": "2.1.1",
        "request": "2.81.0"
      },
      "dependencies": {
        "object-assign": {
          "version": "2.1.1",
          "resolved": "https://registry.npmjs.org/object-assign/-/object-assign-2.1.1.tgz",
          "integrity": "sha1-Q8NuXVaf+OSBbE76i+AtJpZ8GKo="
        }
      }
    },
    "process-nextick-args": {
      "version": "2.0.0",
      "resolved": "https://registry.npmjs.org/process-nextick-args/-/process-nextick-args-2.0.0.tgz",
      "integrity": "sha512-MtEC1TqN0EU5nephaJ4rAtThHtC86dNN9qCuEhtshvpVBkAW5ZO7BASN9REnF9eoXGcRub+pFuKEpOHE+HbEMw=="
    },
    "proxy-addr": {
      "version": "2.0.4",
      "resolved": "https://registry.npmjs.org/proxy-addr/-/proxy-addr-2.0.4.tgz",
      "integrity": "sha512-5erio2h9jp5CHGwcybmxmVqHmnCBZeewlfJ0pex+UW7Qny7OOZXTtH56TGNyBizkgiOwhJtMKrVzDTeKcySZwA==",
      "requires": {
        "forwarded": "0.1.2",
        "ipaddr.js": "1.8.0"
      }
    },
    "psl": {
      "version": "1.1.29",
      "resolved": "https://registry.npmjs.org/psl/-/psl-1.1.29.tgz",
      "integrity": "sha512-AeUmQ0oLN02flVHXWh9sSJF7mcdFq0ppid/JkErufc3hGIV/AMa8Fo9VgDo/cT2jFdOWoFvHp90qqBH54W+gjQ=="
    },
    "punycode": {
      "version": "1.4.1",
      "resolved": "https://registry.npmjs.org/punycode/-/punycode-1.4.1.tgz",
      "integrity": "sha1-wNWmOycYgArY4esPpSachN1BhF4="
    },
    "qs": {
      "version": "6.5.2",
      "resolved": "https://registry.npmjs.org/qs/-/qs-6.5.2.tgz",
      "integrity": "sha512-N5ZAX4/LxJmF+7wN74pUD6qAh9/wnvdQcjq9TZjevvXzSUo7bfmw91saqMjzGS2xq91/odN2dW/WOl7qQHNDGA=="
    },
    "range-parser": {
      "version": "1.2.0",
      "resolved": "https://registry.npmjs.org/range-parser/-/range-parser-1.2.0.tgz",
      "integrity": "sha1-9JvmtIeJTdxA3MlKMi9hEJLgDV4="
    },
    "raw-body": {
      "version": "2.3.3",
      "resolved": "https://registry.npmjs.org/raw-body/-/raw-body-2.3.3.tgz",
      "integrity": "sha512-9esiElv1BrZoI3rCDuOuKCBRbuApGGaDPQfjSflGxdy4oyzqghxu6klEkkVIvBje+FF0BX9coEv8KqW6X/7njw==",
      "requires": {
        "bytes": "3.0.0",
        "http-errors": "1.6.3",
        "iconv-lite": "0.4.23",
        "unpipe": "1.0.0"
      },
      "dependencies": {
        "iconv-lite": {
          "version": "0.4.23",
          "resolved": "https://registry.npmjs.org/iconv-lite/-/iconv-lite-0.4.23.tgz",
          "integrity": "sha512-neyTUVFtahjf0mB3dZT77u+8O0QB89jFdnBkd5P1JgYPbPaia3gXXOVL2fq8VyU2gMMD7SaN7QukTB/pmXYvDA==",
          "requires": {
            "safer-buffer": "2.1.2"
          }
        }
      }
    },
    "rc": {
      "version": "1.2.8",
      "resolved": "https://registry.npmjs.org/rc/-/rc-1.2.8.tgz",
      "integrity": "sha512-y3bGgqKj3QBdxLbLkomlohkvsA8gdAiUQlSBJnBhfn+BPxg4bc62d8TcBW15wavDfgexCgccckhcZvywyQYPOw==",
      "requires": {
        "deep-extend": "0.6.0",
        "ini": "1.3.5",
        "minimist": "1.2.0",
        "strip-json-comments": "2.0.1"
      },
      "dependencies": {
        "minimist": {
          "version": "1.2.0",
          "resolved": "https://registry.npmjs.org/minimist/-/minimist-1.2.0.tgz",
          "integrity": "sha1-o1AIsg9BOD7sH7kU9M1d95omQoQ="
        }
      }
    },
    "readable-stream": {
      "version": "2.3.6",
      "resolved": "https://registry.npmjs.org/readable-stream/-/readable-stream-2.3.6.tgz",
      "integrity": "sha512-tQtKA9WIAhBF3+VLAseyMqZeBjW0AHJoxOtYqSUZNJxauErmLbVm2FW1y+J/YA9dUrAC39ITejlZWhVIwawkKw==",
      "requires": {
        "core-util-is": "1.0.2",
        "inherits": "2.0.3",
        "isarray": "1.0.0",
        "process-nextick-args": "2.0.0",
        "safe-buffer": "5.1.2",
        "string_decoder": "1.1.1",
        "util-deprecate": "1.0.2"
      }
    },
    "request": {
      "version": "2.81.0",
      "resolved": "https://registry.npmjs.org/request/-/request-2.81.0.tgz",
      "integrity": "sha1-xpKJRqDgbF+Nb4qTM0af/aRimKA=",
      "requires": {
        "aws-sign2": "0.6.0",
        "aws4": "1.8.0",
        "caseless": "0.12.0",
        "combined-stream": "1.0.7",
        "extend": "3.0.2",
        "forever-agent": "0.6.1",
        "form-data": "2.1.4",
        "har-validator": "4.2.1",
        "hawk": "3.1.3",
        "http-signature": "1.1.1",
        "is-typedarray": "1.0.0",
        "isstream": "0.1.2",
        "json-stringify-safe": "5.0.1",
        "mime-types": "2.1.21",
        "oauth-sign": "0.8.2",
        "performance-now": "0.2.0",
        "qs": "6.4.0",
        "safe-buffer": "5.1.2",
        "stringstream": "0.0.6",
        "tough-cookie": "2.3.4",
        "tunnel-agent": "0.6.0",
        "uuid": "3.3.2"
      },
      "dependencies": {
        "qs": {
          "version": "6.4.0",
          "resolved": "https://registry.npmjs.org/qs/-/qs-6.4.0.tgz",
          "integrity": "sha1-E+JtKK1rD/qpExLNO/cI7TUecjM="
        },
        "tough-cookie": {
          "version": "2.3.4",
          "resolved": "https://registry.npmjs.org/tough-cookie/-/tough-cookie-2.3.4.tgz",
          "integrity": "sha512-TZ6TTfI5NtZnuyy/Kecv+CnoROnyXn2DN97LontgQpCwsX2XyLYCC0ENhYkehSOwAp8rTQKc/NUIF7BkQ5rKLA==",
          "requires": {
            "punycode": "1.4.1"
          }
        }
      }
    },
    "request-promise": {
      "version": "4.2.2",
      "resolved": "https://registry.npmjs.org/request-promise/-/request-promise-4.2.2.tgz",
      "integrity": "sha1-0epG1lSm7k+O5qT+oQGMIpEZBLQ=",
      "requires": {
        "bluebird": "3.5.3",
        "request-promise-core": "1.1.1",
        "stealthy-require": "1.1.1",
        "tough-cookie": "2.4.3"
      }
    },
    "request-promise-core": {
      "version": "1.1.1",
      "resolved": "https://registry.npmjs.org/request-promise-core/-/request-promise-core-1.1.1.tgz",
      "integrity": "sha1-Pu4AssWqgyOc+wTFcA2jb4HNCLY=",
      "requires": {
        "lodash": "4.17.10"
      }
    },
    "rimraf": {
      "version": "2.6.3",
      "resolved": "https://registry.npmjs.org/rimraf/-/rimraf-2.6.3.tgz",
      "integrity": "sha512-mwqeW5XsA2qAejG46gYdENaxXjx9onRNCfn7L0duuP4hCuTIi/QO7PDK07KJfp1d+izWPrzEJDcSqBa0OZQriA==",
      "requires": {
        "glob": "7.1.3"
      }
    },
    "safe-buffer": {
      "version": "5.1.2",
      "resolved": "https://registry.npmjs.org/safe-buffer/-/safe-buffer-5.1.2.tgz",
      "integrity": "sha512-Gd2UZBJDkXlY7GbJxfsE8/nvKkUEU1G38c1siN6QP6a9PT9MmHB8GnpscSmMJSoF8LOIrt8ud/wPtojys4G6+g=="
    },
    "safer-buffer": {
      "version": "2.1.2",
      "resolved": "https://registry.npmjs.org/safer-buffer/-/safer-buffer-2.1.2.tgz",
      "integrity": "sha512-YZo3K82SD7Riyi0E1EQPojLz7kpepnSQI9IyPbHHg1XXXevb5dJI7tpyN2ADxGcQbHG7vcyRHk0cbwqcQriUtg=="
    },
    "sandwich-stream": {
      "version": "1.0.0",
      "resolved": "https://registry.npmjs.org/sandwich-stream/-/sandwich-stream-1.0.0.tgz",
      "integrity": "sha1-eDDkV5e1kzKH8fmyj4cZB0ViYvI="
    },
    "sax": {
      "version": "1.2.4",
      "resolved": "https://registry.npmjs.org/sax/-/sax-1.2.4.tgz",
      "integrity": "sha512-NqVDv9TpANUjFm0N8uM5GxL36UgKi9/atZw+x7YFnQ8ckwFGKrl4xX4yWtrey3UJm5nP1kUbnYgLopqWNSRhWw=="
    },
    "seed-random": {
      "version": "2.2.0",
      "resolved": "https://registry.npmjs.org/seed-random/-/seed-random-2.2.0.tgz",
      "integrity": "sha1-KpsZ4lCoFwmSMaW5mk2vgLf77VQ="
    },
    "semver": {
      "version": "5.6.0",
      "resolved": "https://registry.npmjs.org/semver/-/semver-5.6.0.tgz",
      "integrity": "sha512-RS9R6R35NYgQn++fkDWaOmqGoj4Ek9gGs+DPxNUZKuwE183xjJroKvyo1IzVFeXvUrvmALy6FWD5xrdJT25gMg=="
    },
    "send": {
      "version": "0.16.2",
      "resolved": "https://registry.npmjs.org/send/-/send-0.16.2.tgz",
      "integrity": "sha512-E64YFPUssFHEFBvpbbjr44NCLtI1AohxQ8ZSiJjQLskAdKuriYEP6VyGEsRDH8ScozGpkaX1BGvhanqCwkcEZw==",
      "requires": {
        "debug": "2.6.9",
        "depd": "1.1.2",
        "destroy": "1.0.4",
        "encodeurl": "1.0.2",
        "escape-html": "1.0.3",
        "etag": "1.8.1",
        "fresh": "0.5.2",
        "http-errors": "1.6.3",
        "mime": "1.4.1",
        "ms": "2.0.0",
        "on-finished": "2.3.0",
        "range-parser": "1.2.0",
        "statuses": "1.4.0"
      },
      "dependencies": {
        "debug": {
          "version": "2.6.9",
          "resolved": "https://registry.npmjs.org/debug/-/debug-2.6.9.tgz",
          "integrity": "sha512-bC7ElrdJaJnPbAP+1EotYvqZsb3ecl5wi6Bfi6BJTUcNowp6cvspg0jXznRTKDjm/E7AdgFBVeAPVMNcKGsHMA==",
          "requires": {
            "ms": "2.0.0"
          }
        }
      }
    },
    "serve-static": {
      "version": "1.13.2",
      "resolved": "https://registry.npmjs.org/serve-static/-/serve-static-1.13.2.tgz",
      "integrity": "sha512-p/tdJrO4U387R9oMjb1oj7qSMaMfmOyd4j9hOFoxZe2baQszgHcSWjuya/CiT5kgZZKRudHNOA0pYXOl8rQ5nw==",
      "requires": {
        "encodeurl": "1.0.2",
        "escape-html": "1.0.3",
        "parseurl": "1.3.2",
        "send": "0.16.2"
      }
    },
    "set-blocking": {
      "version": "2.0.0",
      "resolved": "https://registry.npmjs.org/set-blocking/-/set-blocking-2.0.0.tgz",
      "integrity": "sha1-BF+XgtARrppoA93TgrJDkrPYkPc="
    },
    "setprototypeof": {
      "version": "1.1.0",
      "resolved": "https://registry.npmjs.org/setprototypeof/-/setprototypeof-1.1.0.tgz",
      "integrity": "sha512-BvE/TwpZX4FXExxOxZyRGQQv651MSwmWKZGqvmPcRIjDqWub67kTKuIMx43cZZrS/cBBzwBcNDWoFxt2XEFIpQ=="
    },
    "signal-exit": {
      "version": "3.0.2",
      "resolved": "https://registry.npmjs.org/signal-exit/-/signal-exit-3.0.2.tgz",
      "integrity": "sha1-tf3AjxKH6hF4Yo5BXiUTK3NkbG0="
    },
    "sntp": {
      "version": "1.0.9",
      "resolved": "https://registry.npmjs.org/sntp/-/sntp-1.0.9.tgz",
      "integrity": "sha1-ZUEYTMkK7qbG57NeJlkIJEPGYZg=",
      "requires": {
        "hoek": "2.16.3"
      }
    },
    "sshpk": {
      "version": "1.16.0",
      "resolved": "https://registry.npmjs.org/sshpk/-/sshpk-1.16.0.tgz",
      "integrity": "sha512-Zhev35/y7hRMcID/upReIvRse+I9SVhyVre/KTJSJQWMz3C3+G+HpO7m1wK/yckEtujKZ7dS4hkVxAnmHaIGVQ==",
      "requires": {
        "asn1": "0.2.4",
        "assert-plus": "1.0.0",
        "bcrypt-pbkdf": "1.0.2",
        "dashdash": "1.14.1",
        "ecc-jsbn": "0.1.2",
        "getpass": "0.1.7",
        "jsbn": "0.1.1",
        "safer-buffer": "2.1.2",
        "tweetnacl": "0.14.5"
      },
      "dependencies": {
        "assert-plus": {
          "version": "1.0.0",
          "resolved": "https://registry.npmjs.org/assert-plus/-/assert-plus-1.0.0.tgz",
          "integrity": "sha1-8S4PPF13sLHN2RRpQuTpbB5N1SU="
        }
      }
    },
    "statuses": {
      "version": "1.4.0",
      "resolved": "https://registry.npmjs.org/statuses/-/statuses-1.4.0.tgz",
      "integrity": "sha512-zhSCtt8v2NDrRlPQpCNtw/heZLtfUDqxBM1udqikb/Hbk52LK4nQSwr10u77iopCW5LsyHpuXS0GnEc48mLeew=="
    },
    "stealthy-require": {
      "version": "1.1.1",
      "resolved": "https://registry.npmjs.org/stealthy-require/-/stealthy-require-1.1.1.tgz",
      "integrity": "sha1-NbCYdbT/SfJqd35QmzCQoyJr8ks="
    },
    "string-width": {
      "version": "1.0.2",
      "resolved": "https://registry.npmjs.org/string-width/-/string-width-1.0.2.tgz",
      "integrity": "sha1-EYvfW4zcUaKn5w0hHgfisLmxB9M=",
      "requires": {
        "code-point-at": "1.1.0",
        "is-fullwidth-code-point": "1.0.0",
        "strip-ansi": "3.0.1"
      }
    },
    "string_decoder": {
      "version": "1.1.1",
      "resolved": "https://registry.npmjs.org/string_decoder/-/string_decoder-1.1.1.tgz",
      "integrity": "sha512-n/ShnvDi6FHbbVfviro+WojiFzv+s8MPMHBczVePfUpDJLwoLT0ht1l4YwBCbi8pJAveEEdnkHyPyTP/mzRfwg==",
      "requires": {
        "safe-buffer": "5.1.2"
      }
    },
    "stringstream": {
      "version": "0.0.6",
      "resolved": "https://registry.npmjs.org/stringstream/-/stringstream-0.0.6.tgz",
      "integrity": "sha512-87GEBAkegbBcweToUrdzf3eLhWNg06FJTebl4BVJz/JgWy8CvEr9dRtX5qWphiynMSQlxxi+QqN0z5T32SLlhA=="
    },
    "strip-ansi": {
      "version": "3.0.1",
      "resolved": "https://registry.npmjs.org/strip-ansi/-/strip-ansi-3.0.1.tgz",
      "integrity": "sha1-ajhfuIU9lS1f8F0Oiq+UJ43GPc8=",
      "requires": {
        "ansi-regex": "2.1.1"
      }
    },
    "strip-json-comments": {
      "version": "2.0.1",
      "resolved": "https://registry.npmjs.org/strip-json-comments/-/strip-json-comments-2.0.1.tgz",
      "integrity": "sha1-PFMZQukIwml8DsNEhYwobHygpgo="
    },
    "tar": {
      "version": "4.4.8",
      "resolved": "https://registry.npmjs.org/tar/-/tar-4.4.8.tgz",
      "integrity": "sha512-LzHF64s5chPQQS0IYBn9IN5h3i98c12bo4NCO7e0sGM2llXQ3p2FGC5sdENN4cTW48O915Sh+x+EXx7XW96xYQ==",
      "requires": {
        "chownr": "1.1.1",
        "fs-minipass": "1.2.5",
        "minipass": "2.3.5",
        "minizlib": "1.2.1",
        "mkdirp": "0.5.1",
        "safe-buffer": "5.1.2",
        "yallist": "3.0.3"
      }
    },
    "tcp-ping": {
      "version": "0.1.1",
      "resolved": "https://registry.npmjs.org/tcp-ping/-/tcp-ping-0.1.1.tgz",
      "integrity": "sha1-At1/QrW/fXy3jVt6rO+hVf2PfAw="
    },
    "tiny-emitter": {
      "version": "2.0.2",
      "resolved": "https://registry.npmjs.org/tiny-emitter/-/tiny-emitter-2.0.2.tgz",
      "integrity": "sha512-2NM0auVBGft5tee/OxP4PI3d8WItkDM+fPnaRAVo6xTDI2knbz9eC5ArWGqtGlYqiH3RU5yMpdyTTO7MguC4ow=="
    },
    "tough-cookie": {
      "version": "2.4.3",
      "resolved": "https://registry.npmjs.org/tough-cookie/-/tough-cookie-2.4.3.tgz",
      "integrity": "sha512-Q5srk/4vDM54WJsJio3XNn6K2sCG+CQ8G5Wz6bZhRZoAe/+TxjWB/GlFAnYEbkYVlON9FMk/fE3h2RLpPXo4lQ==",
      "requires": {
        "psl": "1.1.29",
        "punycode": "1.4.1"
      }
    },
    "tunnel-agent": {
      "version": "0.6.0",
      "resolved": "https://registry.npmjs.org/tunnel-agent/-/tunnel-agent-0.6.0.tgz",
      "integrity": "sha1-J6XeoGs2sEoKmWZ3SykIaPD8QP0=",
      "requires": {
        "safe-buffer": "5.1.2"
      }
    },
    "tweetnacl": {
      "version": "0.14.5",
      "resolved": "https://registry.npmjs.org/tweetnacl/-/tweetnacl-0.14.5.tgz",
      "integrity": "sha1-WuaBd/GS1EViadEIr6k/+HQ/T2Q="
    },
    "type-is": {
      "version": "1.6.16",
      "resolved": "https://registry.npmjs.org/type-is/-/type-is-1.6.16.tgz",
      "integrity": "sha512-HRkVv/5qY2G6I8iab9cI7v1bOIdhm94dVjQCPFElW9W+3GeDOSHmy2EBYe4VTApuzolPcmgFTN3ftVJRKR2J9Q==",
      "requires": {
        "media-typer": "0.3.0",
        "mime-types": "2.1.21"
      }
    },
    "typed-function": {
      "version": "1.1.0",
      "resolved": "https://registry.npmjs.org/typed-function/-/typed-function-1.1.0.tgz",
      "integrity": "sha512-TuQzwiT4DDg19beHam3E66oRXhyqlyfgjHB/5fcvsRXbfmWPJfto9B4a0TBdTrQAPGlGmXh/k7iUI+WsObgORA=="
    },
    "unpipe": {
      "version": "1.0.0",
      "resolved": "https://registry.npmjs.org/unpipe/-/unpipe-1.0.0.tgz",
      "integrity": "sha1-sr9O6FFKrmFltIF4KdIbLvSZBOw="
    },
    "util-deprecate": {
      "version": "1.0.2",
      "resolved": "https://registry.npmjs.org/util-deprecate/-/util-deprecate-1.0.2.tgz",
      "integrity": "sha1-RQ1Nyfpw3nMnYvvS1KKJgUGaDM8="
    },
    "utils-merge": {
      "version": "1.0.1",
      "resolved": "https://registry.npmjs.org/utils-merge/-/utils-merge-1.0.1.tgz",
      "integrity": "sha1-n5VxD1CiZ5R7LMwSR0HBAoQn5xM="
    },
    "uuid": {
      "version": "3.3.2",
      "resolved": "https://registry.npmjs.org/uuid/-/uuid-3.3.2.tgz",
      "integrity": "sha512-yXJmeNaw3DnnKAOKJE51sL/ZaYfWJRl1pK9dr19YFCu0ObS231AB1/LbqTKRAQ5kw8A90rA6fr4riOUpTZvQZA=="
    },
    "vary": {
      "version": "1.1.2",
      "resolved": "https://registry.npmjs.org/vary/-/vary-1.1.2.tgz",
      "integrity": "sha1-IpnwLG3tMNSllhsLn3RSShj2NPw="
    },
    "verror": {
      "version": "1.10.0",
      "resolved": "https://registry.npmjs.org/verror/-/verror-1.10.0.tgz",
      "integrity": "sha1-OhBcoXBTr1XW4nDB+CiGguGNpAA=",
      "requires": {
        "assert-plus": "1.0.0",
        "core-util-is": "1.0.2",
        "extsprintf": "1.3.0"
      },
      "dependencies": {
        "assert-plus": {
          "version": "1.0.0",
          "resolved": "https://registry.npmjs.org/assert-plus/-/assert-plus-1.0.0.tgz",
          "integrity": "sha1-8S4PPF13sLHN2RRpQuTpbB5N1SU="
        }
      }
    },
    "vk-io": {
      "version": "4.0.0-rc.1",
      "resolved": "https://registry.npmjs.org/vk-io/-/vk-io-4.0.0-rc.1.tgz",
      "integrity": "sha1-e2YB2UGAvKpOnSw78vIxhVbUHFw=",
      "requires": {
        "cheerio": "1.0.0-rc.2",
        "debug": "3.1.0",
        "middleware-io": "0.0.7",
        "node-fetch": "2.2.0",
        "sandwich-stream": "1.0.0",
        "tough-cookie": "2.4.3",
        "ws": "6.0.0"
      }
    },
    "vk-io-plus": {
      "version": "3.0.3",
      "resolved": "https://registry.npmjs.org/vk-io-plus/-/vk-io-plus-3.0.3.tgz",
      "integrity": "sha1-5UL2nqPuDyWFNjk6ZISyNCMKDTI=",
      "requires": {
        "async": "2.6.1",
        "base-io": "1.0.3",
        "bluebird": "3.5.3",
        "cheerio": "0.22.0",
        "entities": "1.1.1",
        "request": "2.81.0",
        "request-promise": "4.2.2"
      },
      "dependencies": {
        "cheerio": {
          "version": "0.22.0",
          "resolved": "https://registry.npmjs.org/cheerio/-/cheerio-0.22.0.tgz",
          "integrity": "sha1-qbqoYKP5tZWmuBsahocxIe06Jp4=",
          "requires": {
            "css-select": "1.2.0",
            "dom-serializer": "0.1.0",
            "entities": "1.1.1",
            "htmlparser2": "3.9.2",
            "lodash.assignin": "4.2.0",
            "lodash.bind": "4.2.1",
            "lodash.defaults": "4.2.0",
            "lodash.filter": "4.6.0",
            "lodash.flatten": "4.4.0",
            "lodash.foreach": "4.5.0",
            "lodash.map": "4.6.0",
            "lodash.merge": "4.6.1",
            "lodash.pick": "4.4.0",
            "lodash.reduce": "4.6.0",
            "lodash.reject": "4.6.0",
            "lodash.some": "4.6.0"
          }
        }
      }
    },
    "wide-align": {
      "version": "1.1.3",
      "resolved": "https://registry.npmjs.org/wide-align/-/wide-align-1.1.3.tgz",
      "integrity": "sha512-QGkOQc8XL6Bt5PwnsExKBPuMKBxnGxWWW3fU55Xt4feHozMUhdUMaBCk290qpm/wG5u/RSKzwdAC4i51YigihA==",
      "requires": {
        "string-width": "1.0.2"
      }
    },
    "wrappy": {
      "version": "1.0.2",
      "resolved": "https://registry.npmjs.org/wrappy/-/wrappy-1.0.2.tgz",
      "integrity": "sha1-tSQ9jz7BqjXxNkYFvA0QNuMKtp8="
    },
    "ws": {
      "version": "6.0.0",
      "resolved": "https://registry.npmjs.org/ws/-/ws-6.0.0.tgz",
      "integrity": "sha512-c2UlYcAZp1VS8AORtpq6y4RJIkJ9dQz18W32SpR/qXGfLDZ2jU4y4wKvvZwqbi7U6gxFQTeE+urMbXU/tsDy4w==",
      "requires": {
        "async-limiter": "1.0.0"
      }
    },
    "yallist": {
      "version": "3.0.3",
      "resolved": "https://registry.npmjs.org/yallist/-/yallist-3.0.3.tgz",
      "integrity": "sha512-S+Zk8DEWE6oKpV+vI3qWkaK+jSbIK86pCwe2IF/xwIpQ8jEuxpw9NyaGjmp9+BoJv5FV2piqCDcoCtStppiq2A=="
    }
  }
}
